{
  "type": "FeatureCollection",
  "generator": "overpass-turbo",
  "copyright": "The data included in this document is from www.openstreetmap.org. The data is made available under ODbL.",
  "timestamp": "2026-06-25T03:22:31Z",
  "features": [
    {
      "type": "Feature",
      "properties": {
        "@id": "way/143827382",
        "admin_level": "2",
        "border_type": "nation",
        "boundary": "administrative",
        "name": "India - پاکستان",
        "name:ar": "الهند - باكستان",
        "name:arc": "ܗܢܕܘ - ܦܐܩܣܛܐܢ",
        "name:az-Arab": "هیندوستان - پاکیستان",
        "name:azb": "هیندوستان - پاکیستان",
        "name:be": "Індыя - Пакістан",
        "name:bn": "ভারত–পাকিস্তান",
        "name:da": "Indien - Pakistan",
        "name:de": "Indien - Pakistan",
        "name:en": "India - Pakistan",
        "name:es": "India - Pakistán",
        "name:fa": "هند - پاکستان",
        "name:fr": "Inde - Pakistan",
        "name:glk": "هند - پاکستان",
        "name:grc": "Ἰνδία - Πακιστανία",
        "name:hi": "भारत-पाकिस्तान",
        "name:kk": "Үндістан - Пәкістан",
        "name:kk-Arab": "ٴۇندىستان - پاكىستان",
        "name:kn": "ಭಾರತ - ಪಾಕಿಸ್ಥಾನ್",
        "name:ks": "ہِنٛدوستان - پاکِستان",
        "name:lb": "Indien - Pakistan",
        "name:lrc": "هند - پاکستان",
        "name:mzn": "هند - پاکستون",
        "name:pa": "ਭਾਰਤ - ਪਾਕਿਸਤਾਨ",
        "name:pnb": "بھارت - پاکستان",
        "name:ps": "هند - پاکستان",
        "name:sd": "ڀارت - پاڪستان",
        "name:sr": "Индија - Пакистан",
        "name:sv": "Indien - Pakistan",
        "name:syc": "ܗܢܕܘ - ܦܐܩܣܛܐܢ",
        "name:ta": "இந்திய-பாகிஸ்தானிய",
        "name:te": "భారత-పాకిస్తాన్",
        "name:ug": "ھىندىستان - پاكىستان",
        "name:uk": "Індія - Пакистан",
        "name:ur": "بھارت - پاکستان",
        "source": "LSIB 5"
      },
      "geometry": {
        "type": "LineString",
        "coordinates": [
          [
            75.239077,
            32.0911222
          ],
          [
            75.2369975,
            32.0911981
          ],
          [
            75.2348738,
            32.0912202
          ],
          [
            75.231364,
            32.0913923
          ],
          [
            75.2294407,
            32.0932671
          ],
          [
            75.2306034,
            32.0952776
          ],
          [
            75.2307196,
            32.0952792
          ],
          [
            75.2335847,
            32.100259
          ],
          [
            75.2354899,
            32.1034641
          ],
          [
            75.2351984,
            32.1036315
          ],
          [
            75.2350965,
            32.1037229
          ],
          [
            75.2270405,
            32.1067622
          ],
          [
            75.2265335,
            32.1056969
          ],
          [
            75.2262291,
            32.1034106
          ],
          [
            75.2232167,
            32.1023755
          ],
          [
            75.223887,
            32.1003456
          ],
          [
            75.2244528,
            32.0989701
          ],
          [
            75.2237526,
            32.0981354
          ],
          [
            75.2178085,
            32.1033625
          ],
          [
            75.2185844,
            32.1045275
          ],
          [
            75.2194459,
            32.1057849
          ],
          [
            75.2199442,
            32.106766
          ],
          [
            75.2203333,
            32.1076638
          ],
          [
            75.2197216,
            32.1080099
          ],
          [
            75.2198458,
            32.1087052
          ],
          [
            75.2197672,
            32.1089818
          ],
          [
            75.2195557,
            32.1090669
          ],
          [
            75.2190986,
            32.1105549
          ],
          [
            75.2167078,
            32.1182009
          ],
          [
            75.2163116,
            32.11985
          ],
          [
            75.2159507,
            32.1208341
          ],
          [
            75.2156733,
            32.1211456
          ],
          [
            75.214629,
            32.1208252
          ],
          [
            75.2139999,
            32.1205125
          ],
          [
            75.2131545,
            32.1203886
          ],
          [
            75.2124108,
            32.1200532
          ],
          [
            75.2117486,
            32.1201022
          ],
          [
            75.2108029,
            32.1200501
          ],
          [
            75.2100812,
            32.1198758
          ],
          [
            75.208521,
            32.119848
          ],
          [
            75.2070765,
            32.1200622
          ],
          [
            75.205954,
            32.1201302
          ],
          [
            75.2048074,
            32.1201134
          ],
          [
            75.203406,
            32.1202227
          ],
          [
            75.2026134,
            32.1201277
          ],
          [
            75.2026672,
            32.1194919
          ],
          [
            75.2030695,
            32.1179438
          ],
          [
            75.2033597,
            32.1174599
          ],
          [
            75.2034038,
            32.1169498
          ],
          [
            75.2036539,
            32.1159534
          ],
          [
            75.2042043,
            32.1142152
          ],
          [
            75.2047498,
            32.1121559
          ],
          [
            75.2055017,
            32.1089775
          ],
          [
            75.2054442,
            32.1069416
          ],
          [
            75.205663,
            32.1046205
          ],
          [
            75.2057539,
            32.1025878
          ],
          [
            75.204819,
            32.1006902
          ],
          [
            75.2043779,
            32.1000253
          ],
          [
            75.2037364,
            32.099251
          ],
          [
            75.204013,
            32.0980484
          ],
          [
            75.2041156,
            32.0972241
          ],
          [
            75.2041241,
            32.096671
          ],
          [
            75.2018387,
            32.0971158
          ],
          [
            75.2010249,
            32.0972483
          ],
          [
            75.2004051,
            32.0974075
          ],
          [
            75.1997029,
            32.0976253
          ],
          [
            75.1988765,
            32.0980023
          ],
          [
            75.1986218,
            32.0980921
          ],
          [
            75.1984129,
            32.098301
          ],
          [
            75.1979234,
            32.098626
          ],
          [
            75.1976501,
            32.0974299
          ],
          [
            75.1974261,
            32.0961051
          ],
          [
            75.1971744,
            32.0944237
          ],
          [
            75.1970452,
            32.0931444
          ],
          [
            75.1973004,
            32.0928089
          ],
          [
            75.1973894,
            32.0916766
          ],
          [
            75.1971509,
            32.0902774
          ],
          [
            75.1971682,
            32.0894687
          ],
          [
            75.1972049,
            32.0889085
          ],
          [
            75.1972221,
            32.0874179
          ],
          [
            75.1973461,
            32.0868703
          ],
          [
            75.1969033,
            32.0869303
          ],
          [
            75.1968147,
            32.0866658
          ],
          [
            75.1966927,
            32.0864347
          ],
          [
            75.1966495,
            32.0861547
          ],
          [
            75.1967132,
            32.0861468
          ],
          [
            75.1966356,
            32.0855327
          ],
          [
            75.1968348,
            32.0855164
          ],
          [
            75.1968314,
            32.0853673
          ],
          [
            75.1977926,
            32.0852549
          ],
          [
            75.1980098,
            32.0848047
          ],
          [
            75.198097,
            32.0845167
          ],
          [
            75.1983065,
            32.0834011
          ],
          [
            75.198254,
            32.0830825
          ],
          [
            75.1983412,
            32.0827894
          ],
          [
            75.1959249,
            32.0835451
          ],
          [
            75.1941956,
            32.0833891
          ],
          [
            75.1938038,
            32.0831842
          ],
          [
            75.1931299,
            32.0829825
          ],
          [
            75.1913489,
            32.0827542
          ],
          [
            75.189254,
            32.0824014
          ],
          [
            75.1871882,
            32.0811614
          ],
          [
            75.1843215,
            32.0794897
          ],
          [
            75.1832664,
            32.0788319
          ],
          [
            75.1819547,
            32.0780588
          ],
          [
            75.1813985,
            32.0776752
          ],
          [
            75.1793197,
            32.0764119
          ],
          [
            75.1785596,
            32.075395
          ],
          [
            75.1775476,
            32.0742755
          ],
          [
            75.1770929,
            32.0731961
          ],
          [
            75.176729,
            32.0719887
          ],
          [
            75.1761902,
            32.0712141
          ],
          [
            75.1762675,
            32.071179
          ],
          [
            75.1760138,
            32.0708014
          ],
          [
            75.1758943,
            32.070148
          ],
          [
            75.1742722,
            32.067671
          ],
          [
            75.1724521,
            32.0684931
          ],
          [
            75.1718795,
            32.0689775
          ],
          [
            75.169793,
            32.0695108
          ],
          [
            75.1682647,
            32.0701334
          ],
          [
            75.1661723,
            32.0715311
          ],
          [
            75.165872,
            32.0727939
          ],
          [
            75.1653944,
            32.0732949
          ],
          [
            75.1650388,
            32.0741868
          ],
          [
            75.1647822,
            32.0744698
          ],
          [
            75.1645162,
            32.0748471
          ],
          [
            75.1636003,
            32.0757909
          ],
          [
            75.1612545,
            32.0782115
          ],
          [
            75.1587454,
            32.0807144
          ],
          [
            75.1582574,
            32.0812508
          ],
          [
            75.1576781,
            32.0818264
          ],
          [
            75.1547965,
            32.0812034
          ],
          [
            75.1536206,
            32.0812135
          ],
          [
            75.1520726,
            32.0813854
          ],
          [
            75.150516,
            32.081459
          ],
          [
            75.1485049,
            32.0814497
          ],
          [
            75.1448118,
            32.0814582
          ],
          [
            75.1433347,
            32.0806012
          ],
          [
            75.1425932,
            32.0802204
          ],
          [
            75.1410922,
            32.0804754
          ],
          [
            75.1366287,
            32.0805824
          ],
          [
            75.1333123,
            32.0807743
          ],
          [
            75.1229146,
            32.0814668
          ],
          [
            75.1202839,
            32.0787159
          ],
          [
            75.1207336,
            32.0754251
          ],
          [
            75.119036,
            32.0753869
          ],
          [
            75.1173656,
            32.0754485
          ],
          [
            75.1147689,
            32.0733868
          ],
          [
            75.1133369,
            32.0731245
          ],
          [
            75.1131156,
            32.0718534
          ],
          [
            75.1117832,
            32.0720131
          ],
          [
            75.10851,
            32.0716749
          ],
          [
            75.1066852,
            32.0696835
          ],
          [
            75.1073611,
            32.0682475
          ],
          [
            75.1090186,
            32.0648337
          ],
          [
            75.1073077,
            32.0624308
          ],
          [
            75.1068974,
            32.0619604
          ],
          [
            75.1061287,
            32.0608928
          ],
          [
            75.1061114,
            32.0605387
          ],
          [
            75.1058445,
            32.0601708
          ],
          [
            75.1052462,
            32.0593159
          ],
          [
            75.1048834,
            32.0586799
          ],
          [
            75.1039256,
            32.0588047
          ],
          [
            75.1038024,
            32.0587875
          ],
          [
            75.1036293,
            32.0587518
          ]
        ]
      },
      "id": "way/143827382"
    },
    {
      "type": "Feature",
      "properties": {
        "@id": "way/253403862",
        "admin_level": "2",
        "border_type": "nation",
        "boundary": "administrative",
        "name": "India - Pakistan",
        "name:ar": "الهند - باكستان",
        "name:arc": "ܗܢܕܘ - ܦܐܩܣܛܐܢ",
        "name:az-Arab": "هیندوستان - پاکیستان",
        "name:azb": "هیندوستان - پاکیستان",
        "name:be": "Індыя - Пакістан",
        "name:da": "Indien - Pakistan",
        "name:de": "Indien - Pakistan",
        "name:en": "India - Pakistan",
        "name:es": "India - Pakistán",
        "name:fa": "هند - پاکستان",
        "name:fr": "Inde - Pakistan",
        "name:glk": "هند - پاکستان",
        "name:grc": "Ἰνδία - Πακιστανία",
        "name:kk": "Үндістан - Пәкістан",
        "name:kk-Arab": "ٴۇندىستان - پاكىستان",
        "name:kn": "ಭಾರತ - ಪಾಕಿಸ್ಥಾನ್",
        "name:ks": "ہِنٛدوستان - پاکِستان",
        "name:lb": "Indien - Pakistan",
        "name:lrc": "هند - پاکستان",
        "name:mzn": "هند - پاکستون",
        "name:pa": "ਭਾਰਤ - ਪਾਕਿਸਤਾਨ",
        "name:pnb": "بھارت - پاکستان",
        "name:ps": "هند - پاکستان",
        "name:sd": "ڀارت - پاڪستان",
        "name:sr": "Индија - Пакистан",
        "name:sv": "Indien - Pakistan",
        "name:syc": "ܗܢܕܘ - ܦܐܩܣܛܐܢ",
        "name:ta": "இந்தியா - பாகிஸ்தான்",
        "name:ug": "ھىندىستان - پاكىستان",
        "name:uk": "Індія - Пакистан",
        "name:ur": "بھارت - پاکستان",
        "source": "LSIB 5"
      },
      "geometry": {
        "type": "LineString",
        "coordinates": [
          [
            73.9096937,
            30.3412541
          ],
          [
            73.90812,
            30.3431
          ],
          [
            73.9052996,
            30.3462781
          ],
          [
            73.9026471,
            30.3490986
          ],
          [
            73.9011095,
            30.349893
          ],
          [
            73.8988124,
            30.3512028
          ],
          [
            73.8970735,
            30.3520509
          ],
          [
            73.8953979,
            30.3528871
          ],
          [
            73.8943924,
            30.3534771
          ],
          [
            73.8916004,
            30.354764
          ],
          [
            73.8902874,
            30.35534
          ],
          [
            73.888221,
            30.3562673
          ],
          [
            73.8873896,
            30.3564298
          ],
          [
            73.8864081,
            30.3567232
          ],
          [
            73.8845828,
            30.3574612
          ],
          [
            73.8821544,
            30.3584509
          ],
          [
            73.8807929,
            30.3592199
          ],
          [
            73.8798336,
            30.3597616
          ],
          [
            73.8808568,
            30.3614676
          ],
          [
            73.8841232,
            30.3670158
          ],
          [
            73.8845137,
            30.3668401
          ],
          [
            73.885242,
            30.3664631
          ],
          [
            73.8853099,
            30.3665328
          ],
          [
            73.8856934,
            30.36695
          ],
          [
            73.8880923,
            30.3682168
          ],
          [
            73.889409,
            30.3689765
          ],
          [
            73.8906043,
            30.3696759
          ],
          [
            73.891833,
            30.3689036
          ],
          [
            73.8923643,
            30.3689959
          ],
          [
            73.8926499,
            30.3695433
          ],
          [
            73.8928037,
            30.3700872
          ],
          [
            73.8976021,
            30.3721638
          ],
          [
            73.8992845,
            30.3728947
          ],
          [
            73.8997118,
            30.3727831
          ],
          [
            73.9005127,
            30.372737
          ],
          [
            73.9008679,
            30.3728149
          ],
          [
            73.901034,
            30.3729287
          ],
          [
            73.9011586,
            30.3736238
          ],
          [
            73.9014248,
            30.3738071
          ],
          [
            73.9037791,
            30.3748182
          ],
          [
            73.9043095,
            30.3750874
          ],
          [
            73.90492,
            30.3755613
          ],
          [
            73.9069947,
            30.3773885
          ],
          [
            73.9088756,
            30.3789874
          ],
          [
            73.9112285,
            30.3810023
          ],
          [
            73.9128673,
            30.3824414
          ],
          [
            73.9132812,
            30.3822135
          ],
          [
            73.9135795,
            30.3822301
          ],
          [
            73.9138419,
            30.3823843
          ],
          [
            73.9140053,
            30.382534
          ],
          [
            73.9143201,
            30.3828947
          ],
          [
            73.9143459,
            30.3829848
          ],
          [
            73.9142388,
            30.3832401
          ],
          [
            73.9140756,
            30.3834749
          ],
          [
            73.9155483,
            30.3847497
          ],
          [
            73.9163936,
            30.3856021
          ],
          [
            73.9165182,
            30.3860232
          ],
          [
            73.9166748,
            30.3864844
          ],
          [
            73.9169385,
            30.3875481
          ],
          [
            73.9172729,
            30.388545
          ],
          [
            73.9177554,
            30.3903946
          ],
          [
            73.9182079,
            30.3920646
          ],
          [
            73.9185709,
            30.3933235
          ],
          [
            73.9192097,
            30.3946615
          ],
          [
            73.919689,
            30.3955373
          ],
          [
            73.9201175,
            30.3960784
          ],
          [
            73.9205293,
            30.3965053
          ],
          [
            73.9212747,
            30.3971577
          ],
          [
            73.9218062,
            30.3975792
          ],
          [
            73.9223716,
            30.3980423
          ],
          [
            73.9228883,
            30.3983959
          ],
          [
            73.9236084,
            30.3987837
          ],
          [
            73.924226,
            30.3989998
          ],
          [
            73.9249474,
            30.3992408
          ],
          [
            73.9271991,
            30.3996323
          ],
          [
            73.9282644,
            30.3997611
          ],
          [
            73.9296511,
            30.3998874
          ],
          [
            73.9313632,
            30.4000696
          ],
          [
            73.9327818,
            30.4002842
          ],
          [
            73.9337993,
            30.4006377
          ],
          [
            73.934619,
            30.4009541
          ],
          [
            73.9356789,
            30.4014565
          ],
          [
            73.9361674,
            30.4016933
          ],
          [
            73.9370651,
            30.4022609
          ],
          [
            73.9377871,
            30.4028175
          ],
          [
            73.9382425,
            30.4031985
          ],
          [
            73.9388344,
            30.4037747
          ],
          [
            73.9394718,
            30.4045082
          ],
          [
            73.9398939,
            30.4051397
          ],
          [
            73.9403124,
            30.4057373
          ],
          [
            73.9408503,
            30.4065175
          ],
          [
            73.9416217,
            30.407582
          ],
          [
            73.9421276,
            30.408319
          ],
          [
            73.9436177,
            30.4104286
          ],
          [
            73.9437316,
            30.4107197
          ],
          [
            73.9441674,
            30.4115774
          ],
          [
            73.944756,
            30.4125973
          ],
          [
            73.9454017,
            30.4130425
          ],
          [
            73.9460001,
            30.4136787
          ],
          [
            73.9459892,
            30.4139761
          ],
          [
            73.9461216,
            30.4142856
          ],
          [
            73.946482,
            30.4147495
          ],
          [
            73.9471388,
            30.4153647
          ],
          [
            73.9478586,
            30.41601
          ],
          [
            73.9487274,
            30.4167741
          ],
          [
            73.9493221,
            30.4172704
          ],
          [
            73.9499299,
            30.4177164
          ],
          [
            73.9505401,
            30.4181359
          ],
          [
            73.9511825,
            30.4185265
          ],
          [
            73.9518644,
            30.4188775
          ],
          [
            73.9536361,
            30.4197685
          ],
          [
            73.9545317,
            30.4201831
          ],
          [
            73.9555804,
            30.4206174
          ],
          [
            73.956787,
            30.4210856
          ],
          [
            73.957326,
            30.4212738
          ],
          [
            73.958004,
            30.4214789
          ],
          [
            73.9589726,
            30.4218292
          ],
          [
            73.9601117,
            30.4223216
          ],
          [
            73.9618635,
            30.4230756
          ],
          [
            73.9631281,
            30.4236398
          ],
          [
            73.9643766,
            30.4241857
          ],
          [
            73.9648405,
            30.4246594
          ],
          [
            73.965151,
            30.4259999
          ],
          [
            73.965462,
            30.4277404
          ],
          [
            73.9657587,
            30.4290933
          ],
          [
            73.9660103,
            30.4304675
          ],
          [
            73.9661574,
            30.4313777
          ],
          [
            73.9662908,
            30.4322099
          ],
          [
            73.9670018,
            30.433497
          ],
          [
            73.967791,
            30.4346658
          ],
          [
            73.9685592,
            30.4358486
          ],
          [
            73.9696099,
            30.4374477
          ],
          [
            73.9706516,
            30.4390492
          ],
          [
            73.9718755,
            30.4409341
          ],
          [
            73.9723944,
            30.4417142
          ],
          [
            73.9730655,
            30.4427605
          ],
          [
            73.9738169,
            30.4439521
          ],
          [
            73.9738436,
            30.4442449
          ],
          [
            73.9734783,
            30.4445026
          ],
          [
            73.9729055,
            30.4444954
          ],
          [
            73.9721237,
            30.4441317
          ],
          [
            73.97171,
            30.4438048
          ],
          [
            73.9713609,
            30.4427611
          ],
          [
            73.9712281,
            30.4424193
          ],
          [
            73.9710911,
            30.442142
          ],
          [
            73.9710786,
            30.4421313
          ],
          [
            73.9709084,
            30.4418665
          ],
          [
            73.9706967,
            30.4416355
          ],
          [
            73.9681108,
            30.4401133
          ],
          [
            73.9650434,
            30.4404088
          ],
          [
            73.9601024,
            30.4408735
          ],
          [
            73.95877,
            30.4404727
          ],
          [
            73.95684,
            30.4397281
          ],
          [
            73.9521796,
            30.4379185
          ],
          [
            73.9497477,
            30.4370061
          ],
          [
            73.947415,
            30.4368268
          ],
          [
            73.9433822,
            30.4366532
          ],
          [
            73.9398163,
            30.4365107
          ],
          [
            73.9370021,
            30.4364671
          ],
          [
            73.932358,
            30.4375626
          ],
          [
            73.9292333,
            30.4382771
          ],
          [
            73.9265058,
            30.4389133
          ],
          [
            73.9320058,
            30.4420002
          ],
          [
            73.9372422,
            30.4449634
          ],
          [
            73.9375378,
            30.4476438
          ],
          [
            73.9374475,
            30.4483518
          ],
          [
            73.9374168,
            30.4493231
          ],
          [
            73.9376099,
            30.4510868
          ],
          [
            73.9376585,
            30.4521326
          ],
          [
            73.935679,
            30.4547278
          ],
          [
            73.934165,
            30.4567704
          ],
          [
            73.9333884,
            30.4579618
          ],
          [
            73.9317029,
            30.4602029
          ],
          [
            73.9306157,
            30.461933
          ],
          [
            73.9280381,
            30.4658323
          ],
          [
            73.9318882,
            30.4672112
          ],
          [
            73.9313995,
            30.471844
          ],
          [
            73.9310172,
            30.4757394
          ],
          [
            73.9315215,
            30.4780555
          ],
          [
            73.9318168,
            30.4794732
          ],
          [
            73.9320021,
            30.4804596
          ],
          [
            73.9321963,
            30.4812884
          ],
          [
            73.9323535,
            30.4823675
          ],
          [
            73.9324771,
            30.4829477
          ],
          [
            73.9327077,
            30.4836243
          ],
          [
            73.9328468,
            30.4842098
          ],
          [
            73.9330895,
            30.4854688
          ],
          [
            73.9336252,
            30.4872925
          ],
          [
            73.9346566,
            30.4901599
          ],
          [
            73.9369097,
            30.4888167
          ],
          [
            73.9393178,
            30.4874506
          ],
          [
            73.9410255,
            30.4864896
          ],
          [
            73.9427254,
            30.4855375
          ],
          [
            73.9432246,
            30.4852362
          ],
          [
            73.9436198,
            30.4850903
          ],
          [
            73.9442025,
            30.4849592
          ],
          [
            73.9452817,
            30.4845548
          ],
          [
            73.9457628,
            30.4843443
          ],
          [
            73.946171,
            30.4842351
          ],
          [
            73.9467049,
            30.484078
          ],
          [
            73.9471669,
            30.483973
          ],
          [
            73.947785,
            30.4838656
          ],
          [
            73.9475939,
            30.4824551
          ],
          [
            73.9475076,
            30.4812775
          ],
          [
            73.9474477,
            30.4805805
          ],
          [
            73.9473489,
            30.4794569
          ],
          [
            73.9470394,
            30.4768087
          ],
          [
            73.9467449,
            30.4739654
          ],
          [
            73.9464103,
            30.4712199
          ],
          [
            73.9458957,
            30.4681937
          ],
          [
            73.9475536,
            30.4682174
          ],
          [
            73.9475314,
            30.4669346
          ],
          [
            73.9472707,
            30.4654476
          ],
          [
            73.9469087,
            30.4638608
          ],
          [
            73.9479537,
            30.4632843
          ],
          [
            73.949258,
            30.4618037
          ],
          [
            73.9503293,
            30.4603311
          ],
          [
            73.9501892,
            30.460043
          ],
          [
            73.9512647,
            30.4596172
          ],
          [
            73.9541321,
            30.4581911
          ],
          [
            73.9558949,
            30.4577517
          ],
          [
            73.9570675,
            30.4575534
          ],
          [
            73.9615762,
            30.4568307
          ],
          [
            73.9641839,
            30.4564335
          ],
          [
            73.9643383,
            30.4589312
          ],
          [
            73.9644424,
            30.4599188
          ],
          [
            73.964977,
            30.4621179
          ],
          [
            73.9661374,
            30.4649001
          ],
          [
            73.9674131,
            30.4677955
          ],
          [
            73.9676517,
            30.4684686
          ],
          [
            73.9683801,
            30.4712421
          ],
          [
            73.9687532,
            30.4723528
          ],
          [
            73.9691231,
            30.4732593
          ],
          [
            73.9698107,
            30.475215
          ],
          [
            73.9696818,
            30.4782505
          ],
          [
            73.9679309,
            30.4802372
          ],
          [
            73.9661231,
            30.4822409
          ],
          [
            73.9637274,
            30.4847875
          ],
          [
            73.9678643,
            30.4878953
          ],
          [
            73.9711021,
            30.4902751
          ],
          [
            73.9735513,
            30.4921657
          ],
          [
            73.9760144,
            30.4940484
          ],
          [
            73.977411,
            30.4963362
          ],
          [
            73.9788594,
            30.498727
          ],
          [
            73.9799377,
            30.5005193
          ],
          [
            73.9811677,
            30.5025778
          ],
          [
            73.9820295,
            30.5039728
          ],
          [
            73.9856853,
            30.5074425
          ],
          [
            73.988076,
            30.5097222
          ],
          [
            73.9903745,
            30.5119077
          ],
          [
            73.9927682,
            30.5141998
          ],
          [
            73.9965602,
            30.5142037
          ],
          [
            73.9996129,
            30.5142039
          ],
          [
            74.0031912,
            30.5141821
          ],
          [
            74.0068934,
            30.5142023
          ],
          [
            74.0098023,
            30.5141752
          ],
          [
            74.0131224,
            30.5141345
          ],
          [
            74.0154517,
            30.514107
          ],
          [
            74.0166835,
            30.5141391
          ],
          [
            74.0186369,
            30.514121
          ],
          [
            74.0199764,
            30.5141465
          ],
          [
            74.0147125,
            30.5182054
          ],
          [
            74.0109939,
            30.5210567
          ],
          [
            74.011256,
            30.524656
          ],
          [
            74.0112619,
            30.5247375
          ],
          [
            74.0114896,
            30.5273125
          ],
          [
            74.0117108,
            30.5298148
          ],
          [
            74.0119286,
            30.5336249
          ],
          [
            74.0189821,
            30.5291397
          ]
        ]
      },
      "id": "way/253403862"
    },
    {
      "type": "Feature",
      "properties": {
        "@id": "way/263782367",
        "admin_level": "2",
        "border_type": "nation",
        "boundary": "administrative",
        "name": "India - پاکستان",
        "name:ar": "الهند - باكستان",
        "name:arc": "ܗܢܕܘ - ܦܐܩܣܛܐܢ",
        "name:az-Arab": "هیندوستان - پاکیستان",
        "name:azb": "هیندوستان - پاکیستان",
        "name:be": "Індыя - Пакістан",
        "name:da": "Indien - Pakistan",
        "name:de": "Indien - Pakistan",
        "name:en": "India - Pakistan",
        "name:es": "India - Pakistán",
        "name:fa": "هند - پاکستان",
        "name:fr": "Inde - Pakistan",
        "name:glk": "هند - پاکستان",
        "name:grc": "Ἰνδία - Πακιστανία",
        "name:kk": "Үндістан - Пәкістан",
        "name:kk-Arab": "ٴۇندىستان - پاكىستان",
        "name:kn": "ಭಾರತ - ಪಾಕಿಸ್ಥಾನ್",
        "name:ks": "ہِنٛدوستان - پاکِستان",
        "name:lb": "Indien - Pakistan",
        "name:lrc": "هند - پاکستان",
        "name:mzn": "هند - پاکستون",
        "name:pa": "ਭਾਰਤ - ਪਾਕਿਸਤਾਨ",
        "name:pnb": "بھارت - پاکستان",
        "name:ps": "هند - پاکستان",
        "name:sd": "ڀارت - پاڪستان",
        "name:sr": "Индија - Пакистан",
        "name:sv": "Indien - Pakistan",
        "name:syc": "ܗܢܕܘ - ܦܐܩܣܛܐܢ",
        "name:ug": "ھىندىستان - پاكىستان",
        "name:uk": "Індія - Пакистан",
        "name:ur": "بھارت - پاکستان",
        "source": "LSIB 5"
      },
      "geometry": {
        "type": "LineString",
        "coordinates": [
          [
            74.5518644,
            31.3538923
          ],
          [
            74.5512517,
            31.3531056
          ],
          [
            74.5511613,
            31.352434
          ],
          [
            74.5511257,
            31.3518469
          ],
          [
            74.5508362,
            31.3514569
          ],
          [
            74.5503962,
            31.3504982
          ],
          [
            74.5505242,
            31.3501329
          ],
          [
            74.5502224,
            31.3491966
          ],
          [
            74.5499811,
            31.3483617
          ],
          [
            74.5494366,
            31.3466524
          ],
          [
            74.5490309,
            31.3458247
          ],
          [
            74.5490248,
            31.3455394
          ],
          [
            74.5487419,
            31.3444932
          ],
          [
            74.548674,
            31.3442432
          ],
          [
            74.548226,
            31.3435886
          ],
          [
            74.5480925,
            31.3430632
          ],
          [
            74.5477649,
            31.3423557
          ],
          [
            74.5474961,
            31.3420095
          ],
          [
            74.5473345,
            31.3415561
          ],
          [
            74.5466138,
            31.3412876
          ],
          [
            74.5459425,
            31.3407316
          ],
          [
            74.5461122,
            31.3405064
          ],
          [
            74.5464654,
            31.3398611
          ],
          [
            74.5466521,
            31.3395749
          ],
          [
            74.5469628,
            31.3392205
          ],
          [
            74.5464375,
            31.3388705
          ],
          [
            74.547355,
            31.3375587
          ],
          [
            74.5478692,
            31.3367891
          ],
          [
            74.5483767,
            31.3359853
          ],
          [
            74.5487826,
            31.3348456
          ],
          [
            74.5482219,
            31.334684
          ],
          [
            74.5475512,
            31.3346881
          ],
          [
            74.5470732,
            31.3346365
          ],
          [
            74.5467488,
            31.334594
          ],
          [
            74.5464,
            31.3346583
          ],
          [
            74.5460656,
            31.3348902
          ],
          [
            74.5457287,
            31.3349854
          ],
          [
            74.5444527,
            31.3348608
          ],
          [
            74.5438728,
            31.3352288
          ],
          [
            74.5436283,
            31.3351018
          ],
          [
            74.5436006,
            31.3346887
          ],
          [
            74.5434041,
            31.3344836
          ],
          [
            74.5430413,
            31.3342126
          ],
          [
            74.5426652,
            31.3338937
          ],
          [
            74.5416816,
            31.3326076
          ],
          [
            74.5412377,
            31.3323527
          ],
          [
            74.5409021,
            31.3320777
          ],
          [
            74.5400344,
            31.3315709
          ],
          [
            74.5394753,
            31.3313185
          ],
          [
            74.5393199,
            31.3310423
          ],
          [
            74.5387941,
            31.3309927
          ],
          [
            74.5388067,
            31.3306367
          ],
          [
            74.5373261,
            31.3306562
          ],
          [
            74.5373566,
            31.3302499
          ],
          [
            74.536817,
            31.330181
          ],
          [
            74.536905,
            31.3296554
          ],
          [
            74.5374471,
            31.3279743
          ],
          [
            74.5374957,
            31.327728
          ],
          [
            74.5374506,
            31.3267886
          ],
          [
            74.5366956,
            31.3262099
          ],
          [
            74.5361847,
            31.3260548
          ],
          [
            74.5349275,
            31.3258822
          ],
          [
            74.534732,
            31.3253447
          ],
          [
            74.5337835,
            31.324969
          ],
          [
            74.5342141,
            31.3243682
          ],
          [
            74.5340336,
            31.3235962
          ],
          [
            74.5341227,
            31.3228528
          ],
          [
            74.5342806,
            31.3224144
          ],
          [
            74.5343343,
            31.3220534
          ],
          [
            74.5351388,
            31.3214465
          ],
          [
            74.5360408,
            31.321044
          ],
          [
            74.5366548,
            31.3209837
          ],
          [
            74.5367556,
            31.3206502
          ],
          [
            74.5376196,
            31.320553
          ],
          [
            74.5379031,
            31.3191796
          ],
          [
            74.5374837,
            31.3192199
          ],
          [
            74.5372068,
            31.3178063
          ],
          [
            74.5361911,
            31.3176178
          ],
          [
            74.5358826,
            31.3172199
          ],
          [
            74.5351499,
            31.3172933
          ],
          [
            74.5348871,
            31.3170098
          ],
          [
            74.5346816,
            31.3169306
          ],
          [
            74.5339222,
            31.3160043
          ],
          [
            74.5350009,
            31.3154367
          ],
          [
            74.5349066,
            31.3151978
          ],
          [
            74.5354103,
            31.3150059
          ],
          [
            74.5348217,
            31.3134598
          ],
          [
            74.5340014,
            31.3138345
          ],
          [
            74.5337616,
            31.31363
          ],
          [
            74.5329564,
            31.313935
          ],
          [
            74.5323349,
            31.3136213
          ],
          [
            74.5320653,
            31.3128584
          ],
          [
            74.531058,
            31.3133634
          ],
          [
            74.5290703,
            31.3141315
          ],
          [
            74.5285247,
            31.3132706
          ],
          [
            74.5279738,
            31.31339
          ],
          [
            74.5274024,
            31.3124167
          ],
          [
            74.5263732,
            31.3124266
          ],
          [
            74.5263364,
            31.3117412
          ],
          [
            74.5271205,
            31.3112391
          ],
          [
            74.5276984,
            31.3105527
          ],
          [
            74.5279841,
            31.3100928
          ],
          [
            74.5282785,
            31.3094668
          ],
          [
            74.5285751,
            31.3088379
          ],
          [
            74.5288294,
            31.3088451
          ],
          [
            74.5295042,
            31.3086251
          ],
          [
            74.5300685,
            31.3084798
          ],
          [
            74.5314952,
            31.3082315
          ],
          [
            74.5328051,
            31.3073279
          ],
          [
            74.5325915,
            31.3068645
          ],
          [
            74.5329482,
            31.3064253
          ],
          [
            74.5334933,
            31.3058035
          ],
          [
            74.5337595,
            31.3054322
          ],
          [
            74.5343428,
            31.3048677
          ],
          [
            74.535089,
            31.3048894
          ],
          [
            74.5354073,
            31.3047584
          ],
          [
            74.5358048,
            31.3046462
          ],
          [
            74.5361588,
            31.3047009
          ],
          [
            74.5364805,
            31.3046908
          ],
          [
            74.5375433,
            31.3051298
          ],
          [
            74.5379693,
            31.3052234
          ],
          [
            74.5395546,
            31.3057419
          ],
          [
            74.5408229,
            31.3060168
          ],
          [
            74.5416659,
            31.3053632
          ],
          [
            74.5419539,
            31.3044076
          ],
          [
            74.5420778,
            31.3038766
          ],
          [
            74.5420956,
            31.3037281
          ],
          [
            74.5420252,
            31.3035867
          ],
          [
            74.5418477,
            31.303402
          ],
          [
            74.5410293,
            31.3030639
          ],
          [
            74.5398411,
            31.3025265
          ],
          [
            74.5388084,
            31.3022509
          ],
          [
            74.5382667,
            31.3015167
          ],
          [
            74.5379837,
            31.3012269
          ],
          [
            74.5375834,
            31.3009923
          ],
          [
            74.5375883,
            31.3004677
          ],
          [
            74.5374731,
            31.3002935
          ],
          [
            74.5372703,
            31.2995682
          ],
          [
            74.537158,
            31.2990392
          ],
          [
            74.5369938,
            31.298489
          ],
          [
            74.5368392,
            31.2982125
          ],
          [
            74.5361374,
            31.2968264
          ],
          [
            74.5357156,
            31.2958212
          ],
          [
            74.5351707,
            31.295252
          ],
          [
            74.535147,
            31.2949183
          ],
          [
            74.5348839,
            31.2947642
          ],
          [
            74.5345719,
            31.2938477
          ],
          [
            74.5346617,
            31.2932264
          ],
          [
            74.5338639,
            31.2921749
          ],
          [
            74.5332778,
            31.2912634
          ],
          [
            74.5330512,
            31.2908323
          ],
          [
            74.532618,
            31.2901392
          ],
          [
            74.5325555,
            31.2899715
          ],
          [
            74.5325329,
            31.289814
          ],
          [
            74.5326865,
            31.2894027
          ],
          [
            74.5329462,
            31.2889798
          ],
          [
            74.5325186,
            31.2878954
          ],
          [
            74.5321437,
            31.2878285
          ],
          [
            74.532085,
            31.2871697
          ],
          [
            74.531927,
            31.2864163
          ],
          [
            74.5314487,
            31.2854606
          ],
          [
            74.5313248,
            31.2848201
          ],
          [
            74.5312142,
            31.2844427
          ],
          [
            74.5309416,
            31.2839886
          ],
          [
            74.5303106,
            31.283252
          ],
          [
            74.529645,
            31.2826913
          ],
          [
            74.528826,
            31.2822172
          ],
          [
            74.5286009,
            31.2813752
          ],
          [
            74.5282692,
            31.2808031
          ],
          [
            74.5276264,
            31.2800126
          ],
          [
            74.5268786,
            31.2784794
          ],
          [
            74.5264494,
            31.2767754
          ],
          [
            74.525513,
            31.2762128
          ],
          [
            74.5247596,
            31.2756187
          ],
          [
            74.524201,
            31.2752673
          ],
          [
            74.5228079,
            31.2740065
          ],
          [
            74.5223824,
            31.2736211
          ],
          [
            74.5217227,
            31.2722296
          ],
          [
            74.5211302,
            31.2720819
          ],
          [
            74.5212103,
            31.2711441
          ],
          [
            74.5207777,
            31.2693378
          ],
          [
            74.5206015,
            31.2689037
          ],
          [
            74.5214224,
            31.2676964
          ],
          [
            74.521698,
            31.267428
          ],
          [
            74.5220941,
            31.2667092
          ],
          [
            74.5223681,
            31.2657233
          ],
          [
            74.5227314,
            31.2649796
          ],
          [
            74.5228332,
            31.2646918
          ],
          [
            74.5229688,
            31.2639978
          ],
          [
            74.5231655,
            31.2634039
          ],
          [
            74.5234244,
            31.2626131
          ],
          [
            74.523805,
            31.2617095
          ],
          [
            74.5242478,
            31.260976
          ],
          [
            74.5250342,
            31.260424
          ],
          [
            74.526367,
            31.2595921
          ],
          [
            74.5269881,
            31.2589402
          ],
          [
            74.5273863,
            31.2581218
          ],
          [
            74.5278573,
            31.2566109
          ],
          [
            74.5283828,
            31.255548
          ],
          [
            74.5295759,
            31.2544175
          ],
          [
            74.5309496,
            31.2533594
          ],
          [
            74.5318328,
            31.252626
          ],
          [
            74.5321211,
            31.2522761
          ],
          [
            74.5326148,
            31.2511093
          ],
          [
            74.532757,
            31.2504367
          ],
          [
            74.5326994,
            31.2494028
          ],
          [
            74.5325573,
            31.24877
          ],
          [
            74.5320019,
            31.247884
          ],
          [
            74.5313983,
            31.2461591
          ],
          [
            74.5307169,
            31.2448462
          ],
          [
            74.5304213,
            31.2443861
          ],
          [
            74.530209,
            31.2441711
          ],
          [
            74.5297855,
            31.2436467
          ],
          [
            74.5289791,
            31.2420106
          ],
          [
            74.5286083,
            31.2409167
          ],
          [
            74.5281797,
            31.2399986
          ],
          [
            74.5277552,
            31.2395221
          ],
          [
            74.5269954,
            31.238772
          ],
          [
            74.5263274,
            31.2381729
          ],
          [
            74.5257085,
            31.237625
          ],
          [
            74.5246629,
            31.2374658
          ],
          [
            74.5240632,
            31.237283
          ],
          [
            74.5232129,
            31.2376093
          ],
          [
            74.5222065,
            31.2363933
          ],
          [
            74.5217194,
            31.2359684
          ],
          [
            74.5207402,
            31.2348685
          ],
          [
            74.5195184,
            31.2338159
          ],
          [
            74.5189523,
            31.2333419
          ],
          [
            74.5195267,
            31.2323502
          ],
          [
            74.5198437,
            31.2318593
          ],
          [
            74.5185417,
            31.2303567
          ],
          [
            74.5176907,
            31.2291946
          ],
          [
            74.5171691,
            31.2283995
          ],
          [
            74.5171467,
            31.2274537
          ],
          [
            74.5172104,
            31.2268037
          ],
          [
            74.5187058,
            31.2260434
          ],
          [
            74.5199277,
            31.2254297
          ],
          [
            74.5208293,
            31.225106
          ],
          [
            74.5213543,
            31.2245835
          ],
          [
            74.5220004,
            31.2238669
          ],
          [
            74.5226214,
            31.2233394
          ],
          [
            74.5228031,
            31.2230092
          ],
          [
            74.5229758,
            31.2215657
          ],
          [
            74.5229487,
            31.2208672
          ],
          [
            74.5237256,
            31.2206646
          ],
          [
            74.5246351,
            31.2202398
          ],
          [
            74.5245237,
            31.2195224
          ],
          [
            74.5242872,
            31.2186262
          ],
          [
            74.5236101,
            31.2179281
          ],
          [
            74.5240901,
            31.2173159
          ],
          [
            74.5249896,
            31.215705
          ],
          [
            74.5251345,
            31.215336
          ],
          [
            74.5251873,
            31.2149532
          ],
          [
            74.5253658,
            31.2143958
          ],
          [
            74.5253727,
            31.2137517
          ],
          [
            74.5256121,
            31.212958
          ],
          [
            74.5254317,
            31.2127992
          ],
          [
            74.5251695,
            31.2124127
          ],
          [
            74.5260891,
            31.2119102
          ],
          [
            74.5257295,
            31.2110549
          ],
          [
            74.5257005,
            31.2104875
          ],
          [
            74.5252785,
            31.2097654
          ],
          [
            74.5247325,
            31.2092291
          ],
          [
            74.5240647,
            31.2088582
          ],
          [
            74.5237611,
            31.2080938
          ],
          [
            74.5247324,
            31.2067015
          ],
          [
            74.5254458,
            31.2061295
          ],
          [
            74.5253612,
            31.205346
          ],
          [
            74.5248153,
            31.2052307
          ],
          [
            74.5248888,
            31.2046909
          ],
          [
            74.5251659,
            31.2035861
          ],
          [
            74.5238998,
            31.2031667
          ],
          [
            74.5224932,
            31.2028192
          ],
          [
            74.5214716,
            31.202705
          ],
          [
            74.5214977,
            31.2020029
          ],
          [
            74.5216104,
            31.2009245
          ],
          [
            74.5215698,
            31.2005641
          ],
          [
            74.5210168,
            31.1993017
          ],
          [
            74.5208196,
            31.1984305
          ],
          [
            74.520837,
            31.197502
          ],
          [
            74.5216035,
            31.1970403
          ],
          [
            74.5214153,
            31.1961492
          ],
          [
            74.5210626,
            31.195524
          ],
          [
            74.5207141,
            31.194995
          ],
          [
            74.519946,
            31.1942968
          ],
          [
            74.5204966,
            31.1929073
          ],
          [
            74.5207806,
            31.192438
          ],
          [
            74.5211079,
            31.1915928
          ],
          [
            74.5215262,
            31.1907125
          ],
          [
            74.5213659,
            31.1899522
          ],
          [
            74.5201174,
            31.1875912
          ],
          [
            74.5201646,
            31.1867601
          ],
          [
            74.5199587,
            31.1862249
          ],
          [
            74.5199567,
            31.185418
          ],
          [
            74.5198996,
            31.1849848
          ],
          [
            74.5195693,
            31.1840946
          ],
          [
            74.5191784,
            31.1834498
          ],
          [
            74.5186909,
            31.1835158
          ],
          [
            74.5176379,
            31.1837428
          ],
          [
            74.5173943,
            31.1837629
          ],
          [
            74.517177,
            31.1837301
          ],
          [
            74.5160835,
            31.1830823
          ],
          [
            74.5156547,
            31.1828792
          ],
          [
            74.5148851,
            31.1829105
          ],
          [
            74.5138774,
            31.1828582
          ],
          [
            74.5130855,
            31.1827287
          ],
          [
            74.512311,
            31.1825864
          ],
          [
            74.5117028,
            31.1823879
          ],
          [
            74.5109664,
            31.1817336
          ],
          [
            74.5106453,
            31.1810116
          ],
          [
            74.5104889,
            31.1802854
          ],
          [
            74.5104304,
            31.1797258
          ],
          [
            74.5104931,
            31.1786824
          ],
          [
            74.5103113,
            31.1773156
          ],
          [
            74.5099624,
            31.1759291
          ],
          [
            74.5099213,
            31.1741259
          ],
          [
            74.5099465,
            31.173317
          ],
          [
            74.5109039,
            31.1726041
          ],
          [
            74.5105556,
            31.1719953
          ],
          [
            74.5103576,
            31.1715432
          ],
          [
            74.5104722,
            31.1714131
          ],
          [
            74.5112674,
            31.1710706
          ],
          [
            74.5109384,
            31.1697641
          ],
          [
            74.5108179,
            31.1684114
          ],
          [
            74.5116693,
            31.1675451
          ],
          [
            74.512884,
            31.1666828
          ],
          [
            74.5117635,
            31.1647323
          ],
          [
            74.5123519,
            31.1643309
          ],
          [
            74.5125089,
            31.1642506
          ],
          [
            74.5129916,
            31.1641843
          ],
          [
            74.5122095,
            31.1625979
          ],
          [
            74.5119933,
            31.162048
          ],
          [
            74.5118936,
            31.1616657
          ],
          [
            74.5116217,
            31.1602882
          ],
          [
            74.5115621,
            31.1598469
          ],
          [
            74.5114658,
            31.159015
          ],
          [
            74.5110274,
            31.1583472
          ],
          [
            74.5107673,
            31.1577898
          ],
          [
            74.5117286,
            31.1573318
          ],
          [
            74.5124541,
            31.1569636
          ],
          [
            74.5129575,
            31.1566632
          ],
          [
            74.5133213,
            31.1563675
          ],
          [
            74.5138607,
            31.1557905
          ],
          [
            74.5135189,
            31.1545751
          ],
          [
            74.5129278,
            31.1535808
          ],
          [
            74.513327,
            31.1530097
          ],
          [
            74.5144656,
            31.1524111
          ],
          [
            74.5152517,
            31.1520029
          ],
          [
            74.5149197,
            31.1514749
          ],
          [
            74.5153263,
            31.1510713
          ],
          [
            74.5148708,
            31.1508879
          ],
          [
            74.51468,
            31.1501033
          ],
          [
            74.5145419,
            31.1499162
          ],
          [
            74.514106,
            31.1494676
          ],
          [
            74.5139324,
            31.1491905
          ],
          [
            74.5136786,
            31.1484527
          ],
          [
            74.5138076,
            31.146983
          ],
          [
            74.5137761,
            31.1462432
          ],
          [
            74.5139189,
            31.1452981
          ],
          [
            74.5139683,
            31.144307
          ],
          [
            74.514187,
            31.1424346
          ],
          [
            74.5141297,
            31.1419161
          ],
          [
            74.5137609,
            31.1394927
          ],
          [
            74.5136457,
            31.1392066
          ],
          [
            74.5133974,
            31.1385864
          ],
          [
            74.512865,
            31.1374589
          ],
          [
            74.5123193,
            31.136747
          ],
          [
            74.5121061,
            31.1363847
          ],
          [
            74.5117458,
            31.1358495
          ],
          [
            74.5113517,
            31.1354279
          ],
          [
            74.5111087,
            31.1343605
          ],
          [
            74.5108353,
            31.1334741
          ],
          [
            74.5107328,
            31.1330244
          ],
          [
            74.5103968,
            31.1320784
          ],
          [
            74.5104074,
            31.1319629
          ],
          [
            74.5111988,
            31.1321109
          ],
          [
            74.5120546,
            31.1320723
          ],
          [
            74.5125837,
            31.13183
          ],
          [
            74.5140514,
            31.1312529
          ],
          [
            74.5146453,
            31.1310758
          ],
          [
            74.5156442,
            31.1308731
          ],
          [
            74.5171777,
            31.1304501
          ],
          [
            74.5187063,
            31.1300401
          ],
          [
            74.5201083,
            31.1296267
          ],
          [
            74.5212519,
            31.1294721
          ],
          [
            74.5220938,
            31.1293215
          ],
          [
            74.5226254,
            31.1293171
          ],
          [
            74.5238102,
            31.1294379
          ],
          [
            74.5240613,
            31.1294215
          ],
          [
            74.5249014,
            31.1292307
          ],
          [
            74.5258828,
            31.1287518
          ],
          [
            74.528003,
            31.12803
          ],
          [
            74.5294589,
            31.1269054
          ],
          [
            74.5303496,
            31.1263937
          ],
          [
            74.5309405,
            31.1260968
          ],
          [
            74.5313786,
            31.1259006
          ],
          [
            74.5329015,
            31.1253162
          ],
          [
            74.5343796,
            31.124733
          ],
          [
            74.534784,
            31.124369
          ],
          [
            74.5363872,
            31.123689
          ],
          [
            74.5375415,
            31.1233105
          ],
          [
            74.5389082,
            31.1231096
          ],
          [
            74.538792,
            31.1225236
          ],
          [
            74.539908,
            31.122245
          ],
          [
            74.5411808,
            31.1219862
          ],
          [
            74.5421109,
            31.1215151
          ],
          [
            74.5438132,
            31.1210198
          ],
          [
            74.5443755,
            31.1217255
          ],
          [
            74.5452931,
            31.1219295
          ],
          [
            74.5454287,
            31.1224566
          ],
          [
            74.5468593,
            31.1221761
          ],
          [
            74.5484989,
            31.122039
          ],
          [
            74.5483803,
            31.1211722
          ],
          [
            74.5482152,
            31.1202325
          ],
          [
            74.5482585,
            31.119168
          ],
          [
            74.5484574,
            31.1182195
          ],
          [
            74.5484614,
            31.1176805
          ],
          [
            74.5484528,
            31.1171983
          ],
          [
            74.5482597,
            31.1164479
          ],
          [
            74.5482257,
            31.115913
          ],
          [
            74.5481261,
            31.1155112
          ],
          [
            74.5476796,
            31.1146147
          ],
          [
            74.5491199,
            31.1134824
          ],
          [
            74.5496871,
            31.1130743
          ],
          [
            74.549757,
            31.1122471
          ],
          [
            74.5497126,
            31.1115975
          ],
          [
            74.5497252,
            31.1104418
          ],
          [
            74.549627,
            31.1096124
          ],
          [
            74.5496697,
            31.1089109
          ],
          [
            74.5499146,
            31.1073163
          ],
          [
            74.5499426,
            31.1066986
          ],
          [
            74.5500113,
            31.1058072
          ],
          [
            74.5499917,
            31.104651
          ],
          [
            74.5501787,
            31.103641
          ],
          [
            74.5491564,
            31.1017693
          ],
          [
            74.5492493,
            31.100691
          ],
          [
            74.549795,
            31.0994521
          ],
          [
            74.5504908,
            31.0979494
          ],
          [
            74.5510401,
            31.0968767
          ],
          [
            74.5506359,
            31.0955335
          ],
          [
            74.5505606,
            31.095441
          ],
          [
            74.5504913,
            31.0944551
          ],
          [
            74.5504224,
            31.093481
          ],
          [
            74.5504342,
            31.0920294
          ],
          [
            74.5504499,
            31.0905814
          ],
          [
            74.5504122,
            31.0893582
          ],
          [
            74.5506185,
            31.0883349
          ],
          [
            74.5509884,
            31.0874118
          ],
          [
            74.5514384,
            31.0864588
          ],
          [
            74.552181,
            31.0859528
          ],
          [
            74.5530352,
            31.0855096
          ],
          [
            74.5538331,
            31.0851131
          ],
          [
            74.5545511,
            31.0850148
          ],
          [
            74.5561958,
            31.0849045
          ],
          [
            74.5571905,
            31.0843118
          ],
          [
            74.5579097,
            31.0836966
          ],
          [
            74.5579921,
            31.083226
          ],
          [
            74.5584455,
            31.0831491
          ],
          [
            74.5591401,
            31.0831359
          ],
          [
            74.5597876,
            31.0830629
          ],
          [
            74.5605797,
            31.0825897
          ],
          [
            74.5621857,
            31.0834266
          ],
          [
            74.5630932,
            31.0827042
          ],
          [
            74.5638147,
            31.083156
          ],
          [
            74.564321,
            31.082348
          ],
          [
            74.5656945,
            31.0823117
          ],
          [
            74.5674935,
            31.082101
          ],
          [
            74.5681388,
            31.0820537
          ],
          [
            74.5693076,
            31.0817824
          ],
          [
            74.5706677,
            31.081542
          ],
          [
            74.5712916,
            31.0813571
          ],
          [
            74.5718768,
            31.0825265
          ],
          [
            74.5720701,
            31.082659
          ],
          [
            74.5726014,
            31.0835614
          ],
          [
            74.5731243,
            31.0842569
          ],
          [
            74.573261,
            31.0845346
          ],
          [
            74.5737843,
            31.085801
          ],
          [
            74.5745784,
            31.0857224
          ],
          [
            74.5754517,
            31.0857303
          ],
          [
            74.5773018,
            31.0859805
          ],
          [
            74.5777392,
            31.086276
          ],
          [
            74.578856,
            31.0856578
          ],
          [
            74.579529,
            31.0865165
          ],
          [
            74.5798516,
            31.0868193
          ],
          [
            74.5802118,
            31.0870225
          ],
          [
            74.5807622,
            31.0871355
          ],
          [
            74.5819017,
            31.0873237
          ],
          [
            74.5820658,
            31.0870687
          ],
          [
            74.5823849,
            31.0872319
          ],
          [
            74.5825358,
            31.086965
          ],
          [
            74.5835827,
            31.0873343
          ],
          [
            74.5838579,
            31.0864499
          ],
          [
            74.5856307,
            31.0866764
          ],
          [
            74.5860406,
            31.0867659
          ],
          [
            74.5865752,
            31.0869632
          ],
          [
            74.5876255,
            31.0873962
          ],
          [
            74.5887367,
            31.0876602
          ],
          [
            74.5884936,
            31.0882189
          ],
          [
            74.5881793,
            31.0887985
          ],
          [
            74.5877365,
            31.0894134
          ],
          [
            74.5867894,
            31.0905509
          ],
          [
            74.5864873,
            31.0911355
          ],
          [
            74.5871875,
            31.0916136
          ],
          [
            74.5876807,
            31.0919354
          ],
          [
            74.5882105,
            31.0921607
          ],
          [
            74.5890895,
            31.0924454
          ],
          [
            74.5908009,
            31.0924478
          ],
          [
            74.590991,
            31.0914574
          ],
          [
            74.5908869,
            31.0893784
          ],
          [
            74.5913388,
            31.0886016
          ]
        ]
      },
      "id": "way/263782367"
    },
    {
      "type": "Feature",
      "properties": {
        "@id": "way/586687996",
        "admin_level": "2",
        "border_type": "nation",
        "boundary": "administrative",
        "name": "India - پاکستان",
        "name:ar": "الهند - باكستان",
        "name:arc": "ܗܢܕܘ - ܦܐܩܣܛܐܢ",
        "name:az-Arab": "هیندوستان - پاکیستان",
        "name:azb": "هیندوستان - پاکیستان",
        "name:be": "Індыя - Пакістан",
        "name:da": "Indien - Pakistan",
        "name:de": "Indien - Pakistan",
        "name:en": "India - Pakistan",
        "name:es": "India - Pakistán",
        "name:fa": "هند - پاکستان",
        "name:fr": "Inde - Pakistan",
        "name:glk": "هند - پاکستان",
        "name:grc": "Ἰνδία - Πακιστανία",
        "name:kk": "Үндістан - Пәкістан",
        "name:kk-Arab": "ٴۇندىستان - پاكىستان",
        "name:kn": "ಭಾರತ - ಪಾಕಿಸ್ಥಾನ್",
        "name:ks": "ہِنٛدوستان - پاکِستان",
        "name:lb": "Indien - Pakistan",
        "name:lrc": "هند - پاکستان",
        "name:mzn": "هند - پاکستون",
        "name:pa": "ਭਾਰਤ - ਪਾਕਿਸਤਾਨ",
        "name:pnb": "بھارت - پاکستان",
        "name:ps": "هند - پاکستان",
        "name:sd": "ڀارت - پاڪستان",
        "name:sr": "Индија - Пакистан",
        "name:sv": "Indien - Pakistan",
        "name:syc": "ܗܢܕܘ - ܦܐܩܣܛܐܢ",
        "name:ug": "ھىندىستان - پاكىستان",
        "name:uk": "Індія - Пакистан",
        "name:ur": "بھارت - پاکستان",
        "source": "LSIB 5"
      },
      "geometry": {
        "type": "LineString",
        "coordinates": [
          [
            74.6915959,
            31.9266647
          ],
          [
            74.691042,
            31.9266377
          ],
          [
            74.6908887,
            31.926604
          ],
          [
            74.6910947,
            31.9262313
          ],
          [
            74.6906517,
            31.9262547
          ],
          [
            74.6895297,
            31.9263012
          ],
          [
            74.6878744,
            31.9262968
          ],
          [
            74.6860783,
            31.9263336
          ],
          [
            74.6837644,
            31.9263479
          ],
          [
            74.6819372,
            31.9263101
          ],
          [
            74.6787904,
            31.9262318
          ],
          [
            74.677095,
            31.9262254
          ],
          [
            74.6768721,
            31.9247302
          ],
          [
            74.6766336,
            31.9239675
          ],
          [
            74.6764371,
            31.9232805
          ],
          [
            74.6758729,
            31.9213179
          ],
          [
            74.6750735,
            31.9190663
          ],
          [
            74.674234,
            31.9185862
          ],
          [
            74.6731022,
            31.9195104
          ],
          [
            74.6729459,
            31.9203942
          ],
          [
            74.6730905,
            31.9206511
          ],
          [
            74.6734413,
            31.9208791
          ],
          [
            74.6731788,
            31.9209812
          ],
          [
            74.6723309,
            31.9211407
          ],
          [
            74.6697643,
            31.9218872
          ],
          [
            74.6680812,
            31.9222514
          ],
          [
            74.6667139,
            31.9225945
          ],
          [
            74.6672582,
            31.9216046
          ],
          [
            74.6675688,
            31.9208374
          ],
          [
            74.6677812,
            31.9204429
          ],
          [
            74.6681299,
            31.9199545
          ],
          [
            74.6684579,
            31.9196926
          ],
          [
            74.6688504,
            31.9192633
          ],
          [
            74.6687258,
            31.919011
          ],
          [
            74.6683249,
            31.9179207
          ],
          [
            74.6678275,
            31.9185533
          ],
          [
            74.6666098,
            31.9175679
          ],
          [
            74.666425,
            31.9173286
          ],
          [
            74.6676517,
            31.9164808
          ],
          [
            74.666565,
            31.9158333
          ],
          [
            74.6660759,
            31.9154069
          ],
          [
            74.6653394,
            31.9146317
          ],
          [
            74.6645719,
            31.9141948
          ],
          [
            74.663335,
            31.913248
          ],
          [
            74.6626265,
            31.9144051
          ],
          [
            74.660527,
            31.9126413
          ],
          [
            74.6597397,
            31.9117518
          ],
          [
            74.6593,
            31.9109961
          ],
          [
            74.6587931,
            31.9103614
          ],
          [
            74.6582897,
            31.9103558
          ],
          [
            74.6582648,
            31.9099683
          ],
          [
            74.6580938,
            31.9085093
          ],
          [
            74.658181,
            31.9083448
          ],
          [
            74.6581367,
            31.9077333
          ],
          [
            74.6579398,
            31.9054402
          ],
          [
            74.6571108,
            31.9037875
          ],
          [
            74.6570752,
            31.9036294
          ],
          [
            74.6572975,
            31.9025441
          ],
          [
            74.6575409,
            31.901888
          ],
          [
            74.656918,
            31.9013769
          ],
          [
            74.6566307,
            31.9010926
          ],
          [
            74.6563671,
            31.9010887
          ],
          [
            74.6562049,
            31.9005238
          ],
          [
            74.6555018,
            31.9002349
          ],
          [
            74.6550053,
            31.8999771
          ],
          [
            74.6543256,
            31.8995736
          ],
          [
            74.6532775,
            31.90045
          ],
          [
            74.6516205,
            31.9018285
          ],
          [
            74.6509383,
            31.9023413
          ],
          [
            74.6496227,
            31.9005006
          ],
          [
            74.6484865,
            31.8990266
          ],
          [
            74.6480635,
            31.8986695
          ],
          [
            74.6463703,
            31.8961784
          ],
          [
            74.6451643,
            31.8943325
          ],
          [
            74.6445043,
            31.8945637
          ],
          [
            74.6443461,
            31.8945333
          ],
          [
            74.6434618,
            31.89373
          ],
          [
            74.6423879,
            31.8926575
          ],
          [
            74.6420987,
            31.8922541
          ],
          [
            74.6412377,
            31.8903972
          ],
          [
            74.6408013,
            31.8897013
          ],
          [
            74.6400967,
            31.8905568
          ],
          [
            74.6394065,
            31.8896005
          ],
          [
            74.6380773,
            31.8876097
          ],
          [
            74.6374631,
            31.8864807
          ],
          [
            74.6362472,
            31.8842228
          ],
          [
            74.6329708,
            31.8844215
          ],
          [
            74.6321786,
            31.8839109
          ],
          [
            74.6313737,
            31.8834742
          ],
          [
            74.6308412,
            31.8832734
          ],
          [
            74.6293246,
            31.8821562
          ],
          [
            74.6282471,
            31.8824325
          ],
          [
            74.6274922,
            31.8826885
          ],
          [
            74.6259617,
            31.8833554
          ],
          [
            74.6244811,
            31.8844999
          ],
          [
            74.6231677,
            31.8855213
          ],
          [
            74.6221548,
            31.8862459
          ],
          [
            74.6153108,
            31.8897562
          ],
          [
            74.6136939,
            31.890127
          ],
          [
            74.6115561,
            31.8905506
          ],
          [
            74.6073929,
            31.890079
          ],
          [
            74.6073733,
            31.8861555
          ],
          [
            74.6073527,
            31.8820179
          ],
          [
            74.6077271,
            31.8802757
          ],
          [
            74.6080975,
            31.8785518
          ],
          [
            74.6098302,
            31.8783839
          ],
          [
            74.6099843,
            31.878291
          ],
          [
            74.6095953,
            31.8776371
          ],
          [
            74.6094727,
            31.8765454
          ],
          [
            74.6091738,
            31.8756846
          ],
          [
            74.6089794,
            31.8749826
          ],
          [
            74.6085884,
            31.8736513
          ],
          [
            74.6081522,
            31.8728043
          ],
          [
            74.6076208,
            31.8711079
          ],
          [
            74.6071556,
            31.8698203
          ],
          [
            74.6066071,
            31.8684918
          ],
          [
            74.6054559,
            31.8683577
          ],
          [
            74.6038493,
            31.8684187
          ],
          [
            74.602703,
            31.8685302
          ],
          [
            74.601512,
            31.8685175
          ],
          [
            74.5999596,
            31.8686114
          ],
          [
            74.5992324,
            31.8685048
          ],
          [
            74.5987121,
            31.8682766
          ],
          [
            74.5977775,
            31.8680017
          ],
          [
            74.5972528,
            31.867537
          ],
          [
            74.5968463,
            31.8670387
          ],
          [
            74.5961222,
            31.8659277
          ],
          [
            74.5947618,
            31.8633762
          ],
          [
            74.5940625,
            31.8620148
          ],
          [
            74.5935872,
            31.861029
          ],
          [
            74.5931138,
            31.8598477
          ],
          [
            74.5926749,
            31.8589348
          ],
          [
            74.5922394,
            31.8580243
          ],
          [
            74.5916932,
            31.8554821
          ],
          [
            74.5914127,
            31.8535629
          ],
          [
            74.5909209,
            31.850197
          ],
          [
            74.5906976,
            31.8485418
          ],
          [
            74.5880356,
            31.8496643
          ],
          [
            74.5873549,
            31.84997
          ],
          [
            74.5843407,
            31.8509933
          ],
          [
            74.5833914,
            31.8518985
          ],
          [
            74.58246,
            31.8507521
          ],
          [
            74.5809057,
            31.8489141
          ],
          [
            74.5799659,
            31.8477102
          ],
          [
            74.5783085,
            31.8456843
          ],
          [
            74.57711,
            31.8447145
          ],
          [
            74.5767712,
            31.8444165
          ],
          [
            74.5760187,
            31.8439146
          ],
          [
            74.5752981,
            31.8425504
          ],
          [
            74.5746537,
            31.8413391
          ],
          [
            74.5738796,
            31.8398485
          ],
          [
            74.5731154,
            31.8385394
          ],
          [
            74.5720849,
            31.8390495
          ],
          [
            74.5714723,
            31.8381312
          ],
          [
            74.5706608,
            31.8370692
          ],
          [
            74.5705915,
            31.8364395
          ],
          [
            74.5706561,
            31.8356073
          ],
          [
            74.5706614,
            31.833836
          ],
          [
            74.5705899,
            31.8322503
          ],
          [
            74.570495,
            31.8310592
          ],
          [
            74.5704568,
            31.8284002
          ],
          [
            74.5705516,
            31.8270548
          ],
          [
            74.5707806,
            31.8244489
          ],
          [
            74.5710008,
            31.821943
          ],
          [
            74.5712132,
            31.8190557
          ],
          [
            74.5716658,
            31.8183739
          ],
          [
            74.5719449,
            31.817803
          ],
          [
            74.5730972,
            31.8161026
          ],
          [
            74.5712286,
            31.8143904
          ],
          [
            74.5703194,
            31.813432
          ],
          [
            74.569354,
            31.8127731
          ],
          [
            74.5689574,
            31.8124083
          ],
          [
            74.5685351,
            31.8119567
          ],
          [
            74.5677137,
            31.8108202
          ],
          [
            74.5664229,
            31.8095696
          ],
          [
            74.5660112,
            31.8090834
          ],
          [
            74.5653649,
            31.8085457
          ],
          [
            74.5648626,
            31.8085811
          ],
          [
            74.5636787,
            31.8087704
          ],
          [
            74.5628355,
            31.8081346
          ],
          [
            74.562263,
            31.8077983
          ],
          [
            74.5608112,
            31.8067648
          ],
          [
            74.5605408,
            31.8065287
          ],
          [
            74.5602122,
            31.8062948
          ],
          [
            74.5589459,
            31.8055856
          ],
          [
            74.5587027,
            31.8053803
          ],
          [
            74.5580644,
            31.80493
          ],
          [
            74.5579129,
            31.8047856
          ],
          [
            74.558073,
            31.8046754
          ],
          [
            74.558628,
            31.8044107
          ],
          [
            74.5589365,
            31.8040426
          ],
          [
            74.5593185,
            31.8036941
          ],
          [
            74.5598655,
            31.8034216
          ],
          [
            74.5603122,
            31.8032451
          ],
          [
            74.5608564,
            31.8028047
          ],
          [
            74.560628,
            31.8024283
          ],
          [
            74.5611895,
            31.802026
          ],
          [
            74.5635846,
            31.8002517
          ],
          [
            74.5656254,
            31.7985681
          ],
          [
            74.566417,
            31.7979059
          ],
          [
            74.5666175,
            31.7975736
          ],
          [
            74.5669501,
            31.7968598
          ],
          [
            74.5671325,
            31.7967043
          ],
          [
            74.5671749,
            31.7963215
          ],
          [
            74.5654233,
            31.7956716
          ],
          [
            74.5633431,
            31.7949782
          ],
          [
            74.5626159,
            31.794583
          ],
          [
            74.5618737,
            31.7942681
          ],
          [
            74.5605928,
            31.7940021
          ],
          [
            74.5589048,
            31.7935154
          ],
          [
            74.5582281,
            31.793133
          ],
          [
            74.5577193,
            31.7927477
          ],
          [
            74.5572907,
            31.7926372
          ],
          [
            74.5571122,
            31.7922664
          ],
          [
            74.5566873,
            31.7918204
          ],
          [
            74.5555713,
            31.7913493
          ],
          [
            74.5552879,
            31.7890485
          ],
          [
            74.5552845,
            31.7881052
          ],
          [
            74.5552591,
            31.7873443
          ],
          [
            74.5551713,
            31.7861808
          ],
          [
            74.554714,
            31.785043
          ],
          [
            74.5533991,
            31.7835228
          ],
          [
            74.5522747,
            31.7825238
          ],
          [
            74.5517385,
            31.78051
          ],
          [
            74.551304,
            31.7786737
          ],
          [
            74.5520142,
            31.7776656
          ],
          [
            74.5532293,
            31.776229
          ],
          [
            74.5541111,
            31.7753182
          ],
          [
            74.5546012,
            31.7742744
          ],
          [
            74.5545959,
            31.7740349
          ],
          [
            74.5552665,
            31.7728716
          ],
          [
            74.5551077,
            31.77261
          ],
          [
            74.5558866,
            31.7718478
          ],
          [
            74.5567196,
            31.7708647
          ],
          [
            74.5567372,
            31.7704712
          ],
          [
            74.556607,
            31.7702639
          ],
          [
            74.5560807,
            31.7698665
          ],
          [
            74.5560091,
            31.7694701
          ],
          [
            74.5555995,
            31.7675384
          ],
          [
            74.5555478,
            31.7674173
          ],
          [
            74.5553566,
            31.7672459
          ],
          [
            74.5551017,
            31.7670963
          ],
          [
            74.5549212,
            31.7669087
          ],
          [
            74.5557949,
            31.7661148
          ],
          [
            74.5582221,
            31.7647745
          ],
          [
            74.5593257,
            31.7644061
          ],
          [
            74.5599645,
            31.764138
          ],
          [
            74.5614461,
            31.7634354
          ],
          [
            74.5617285,
            31.7631087
          ],
          [
            74.5604235,
            31.7609364
          ],
          [
            74.5600829,
            31.7600103
          ],
          [
            74.5602827,
            31.7597723
          ],
          [
            74.5597735,
            31.7594571
          ],
          [
            74.5597249,
            31.7592896
          ],
          [
            74.5596771,
            31.7587933
          ],
          [
            74.5595472,
            31.758521
          ],
          [
            74.5594749,
            31.7581582
          ],
          [
            74.5594188,
            31.7578568
          ],
          [
            74.558635,
            31.7573625
          ],
          [
            74.5578624,
            31.7568201
          ],
          [
            74.557552,
            31.7566383
          ],
          [
            74.5569029,
            31.7563491
          ],
          [
            74.5566078,
            31.7561615
          ],
          [
            74.5560648,
            31.7559022
          ],
          [
            74.5556906,
            31.7557546
          ],
          [
            74.5547898,
            31.7551921
          ],
          [
            74.5538216,
            31.7546448
          ],
          [
            74.5521934,
            31.7537563
          ],
          [
            74.5513398,
            31.7533683
          ],
          [
            74.5497927,
            31.7527982
          ],
          [
            74.5472079,
            31.7521042
          ],
          [
            74.54701,
            31.7517063
          ],
          [
            74.5470438,
            31.7510783
          ],
          [
            74.5473797,
            31.749378
          ],
          [
            74.5444813,
            31.7491594
          ],
          [
            74.5416028,
            31.7488352
          ],
          [
            74.5379793,
            31.7484527
          ],
          [
            74.5359133,
            31.7484016
          ],
          [
            74.532915,
            31.7483107
          ],
          [
            74.5309775,
            31.7478098
          ],
          [
            74.5300882,
            31.7475267
          ],
          [
            74.5284398,
            31.7469445
          ],
          [
            74.5273351,
            31.746496
          ],
          [
            74.5213224,
            31.743596
          ],
          [
            74.5181354,
            31.7420527
          ]
        ]
      },
      "id": "way/586687996"
    },
    {
      "type": "Feature",
      "properties": {
        "@id": "way/586687999",
        "admin_level": "2",
        "border_type": "nation",
        "boundary": "administrative",
        "name": "India - پاکستان",
        "name:ar": "الهند - باكستان",
        "name:arc": "ܗܢܕܘ - ܦܐܩܣܛܐܢ",
        "name:az-Arab": "هیندوستان - پاکیستان",
        "name:azb": "هیندوستان - پاکیستان",
        "name:be": "Індыя - Пакістан",
        "name:bn": "ভারত–পাকিস্তান",
        "name:da": "Indien - Pakistan",
        "name:de": "Indien - Pakistan",
        "name:en": "India - Pakistan",
        "name:es": "India - Pakistán",
        "name:fa": "هند - پاکستان",
        "name:fr": "Inde - Pakistan",
        "name:glk": "هند - پاکستان",
        "name:grc": "Ἰνδία - Πακιστανία",
        "name:hi": "भारत-पाकिस्तान",
        "name:kk": "Үндістан - Пәкістан",
        "name:kk-Arab": "ٴۇندىستان - پاكىستان",
        "name:kn": "ಭಾರತ - ಪಾಕಿಸ್ಥಾನ್",
        "name:ks": "ہِنٛدوستان - پاکِستان",
        "name:lb": "Indien - Pakistan",
        "name:lrc": "هند - پاکستان",
        "name:mzn": "هند - پاکستون",
        "name:pa": "ਭਾਰਤ - ਪਾਕਿਸਤਾਨ",
        "name:pnb": "بھارت - پاکستان",
        "name:ps": "هند - پاکستان",
        "name:sd": "ڀارت - پاڪستان",
        "name:sr": "Индија - Пакистан",
        "name:sv": "Indien - Pakistan",
        "name:syc": "ܗܢܕܘ - ܦܐܩܣܛܐܢ",
        "name:ta": "இந்திய-பாகிஸ்தானிய",
        "name:te": "భారత-పాకిస్తాన్",
        "name:ug": "ھىندىستان - پاكىستان",
        "name:uk": "Індія - Пакистан",
        "name:ur": "بھارت - پاکستان",
        "source": "LSIB 5"
      },
      "geometry": {
        "type": "LineString",
        "coordinates": [
          [
            74.5913388,
            31.0886016
          ],
          [
            74.5931983,
            31.0890306
          ],
          [
            74.5950436,
            31.0886631
          ],
          [
            74.5958161,
            31.0886998
          ],
          [
            74.5966959,
            31.0889754
          ],
          [
            74.5978117,
            31.0877994
          ],
          [
            74.5995927,
            31.0880383
          ],
          [
            74.6007514,
            31.0879648
          ],
          [
            74.6006012,
            31.0893246
          ],
          [
            74.5993352,
            31.0930364
          ],
          [
            74.6026182,
            31.093165
          ],
          [
            74.6042275,
            31.0930915
          ],
          [
            74.6040773,
            31.0950025
          ],
          [
            74.6049356,
            31.0950392
          ],
          [
            74.6058583,
            31.0945615
          ],
          [
            74.6061802,
            31.0945615
          ],
          [
            74.6063304,
            31.0948555
          ],
          [
            74.6073603,
            31.0948003
          ],
          [
            74.6085834,
            31.0967664
          ],
          [
            74.6095919,
            31.0975381
          ],
          [
            74.6094632,
            31.0978872
          ],
          [
            74.6097851,
            31.0980526
          ],
          [
            74.6105575,
            31.0990448
          ],
          [
            74.6097636,
            31.0999818
          ],
          [
            74.6101713,
            31.1006065
          ],
          [
            74.6104932,
            31.1027929
          ],
          [
            74.610343,
            31.103932
          ],
          [
            74.6103215,
            31.1048139
          ],
          [
            74.6098494,
            31.1068349
          ],
          [
            74.6096349,
            31.1097744
          ],
          [
            74.6099138,
            31.1106562
          ],
          [
            74.6100211,
            31.1117401
          ],
          [
            74.6085191,
            31.113467
          ],
          [
            74.6075749,
            31.1139814
          ],
          [
            74.6055364,
            31.1144407
          ],
          [
            74.6039486,
            31.1173983
          ],
          [
            74.602983,
            31.1190149
          ],
          [
            74.5992708,
            31.1235521
          ],
          [
            74.5971465,
            31.1258298
          ],
          [
            74.5968461,
            31.1265645
          ],
          [
            74.5966744,
            31.1279789
          ],
          [
            74.5969534,
            31.1293749
          ],
          [
            74.5989918,
            31.1288789
          ],
          [
            74.6000862,
            31.129981
          ],
          [
            74.6009874,
            31.1320382
          ],
          [
            74.6025967,
            31.1333422
          ],
          [
            74.6032834,
            31.1336728
          ],
          [
            74.6040344,
            31.1329014
          ],
          [
            74.6048069,
            31.1326075
          ],
          [
            74.6087336,
            31.1336545
          ],
          [
            74.6100855,
            31.1338014
          ],
          [
            74.6119308,
            31.1329749
          ],
          [
            74.6122741,
            31.1324239
          ],
          [
            74.6137976,
            31.1316524
          ],
          [
            74.6148062,
            31.1314871
          ],
          [
            74.6160078,
            31.1319647
          ],
          [
            74.6169305,
            31.1318178
          ],
          [
            74.6175527,
            31.131432
          ],
          [
            74.6187329,
            31.1313586
          ],
          [
            74.6220374,
            31.1329933
          ],
          [
            74.6248483,
            31.1320198
          ],
          [
            74.6266508,
            31.1311014
          ],
          [
            74.6294403,
            31.1318729
          ],
          [
            74.6310067,
            31.1326994
          ],
          [
            74.6324873,
            31.1313035
          ],
          [
            74.6314358,
            31.1299626
          ],
          [
            74.6309423,
            31.1279789
          ],
          [
            74.6311569,
            31.1272809
          ],
          [
            74.6318864,
            31.1267299
          ],
          [
            74.6326589,
            31.1239379
          ],
          [
            74.6323156,
            31.1216233
          ],
          [
            74.6339035,
            31.1198599
          ],
          [
            74.6363496,
            31.1181331
          ],
          [
            74.638195,
            31.1184638
          ],
          [
            74.6408128,
            31.1199334
          ],
          [
            74.642744,
            31.1226153
          ],
          [
            74.6454048,
            31.1242318
          ],
          [
            74.6466922,
            31.1268401
          ],
          [
            74.6489238,
            31.1282361
          ],
          [
            74.6514988,
            31.1292647
          ],
          [
            74.6530866,
            31.1292647
          ],
          [
            74.6540737,
            31.1299627
          ],
          [
            74.6572065,
            31.1328647
          ],
          [
            74.6591806,
            31.1338198
          ],
          [
            74.6637725,
            31.1273177
          ],
          [
            74.6664333,
            31.1244522
          ],
          [
            74.6732568,
            31.1236072
          ],
          [
            74.682784,
            31.1272075
          ],
          [
            74.6890926,
            31.1279422
          ]
        ]
      },
      "id": "way/586687999"
    },
    {
      "type": "Feature",
      "properties": {
        "@id": "way/685507735",
        "admin_level": "2",
        "border_type": "nation",
        "boundary": "administrative",
        "name": "India - پاکستان",
        "name:ar": "الهند - باكستان",
        "name:arc": "ܗܢܕܘ - ܦܐܩܣܛܐܢ",
        "name:az-Arab": "هیندوستان - پاکیستان",
        "name:azb": "هیندوستان - پاکیستان",
        "name:be": "Індыя - Пакістан",
        "name:da": "Indien - Pakistan",
        "name:de": "Indien - Pakistan",
        "name:en": "India - Pakistan",
        "name:es": "India - Pakistán",
        "name:fa": "هند - پاکستان",
        "name:fr": "Inde - Pakistan",
        "name:glk": "هند - پاکستان",
        "name:grc": "Ἰνδία - Πακιστανία",
        "name:kk": "Үндістан - Пәкістан",
        "name:kk-Arab": "ٴۇندىستان - پاكىستان",
        "name:kn": "ಭಾರತ - ಪಾಕಿಸ್ಥಾನ್",
        "name:ks": "ہِنٛدوستان - پاکِستان",
        "name:lb": "Indien - Pakistan",
        "name:lrc": "هند - پاکستان",
        "name:mzn": "هند - پاکستون",
        "name:pa": "ਭਾਰਤ - ਪਾਕਿਸਤਾਨ",
        "name:pnb": "بھارت - پاکستان",
        "name:ps": "هند - پاکستان",
        "name:sd": "ڀارت - پاڪستان",
        "name:sr": "Индија - Пакистан",
        "name:sv": "Indien - Pakistan",
        "name:syc": "ܗܢܕܘ - ܦܐܩܣܛܐܢ",
        "name:ug": "ھىندىستان - پاكىستان",
        "name:uk": "Індія - Пакистан",
        "name:ur": "بھارت - پاکستان",
        "source": "LSIB 5"
      },
      "geometry": {
        "type": "LineString",
        "coordinates": [
          [
            74.327998,
            30.8499935
          ],
          [
            74.3283248,
            30.8501424
          ],
          [
            74.3298697,
            30.8504464
          ],
          [
            74.3308997,
            30.8505661
          ],
          [
            74.3312645,
            30.8507503
          ],
          [
            74.33267,
            30.8510082
          ],
          [
            74.3344509,
            30.8510727
          ],
          [
            74.3351376,
            30.8508332
          ],
          [
            74.3362212,
            30.8501793
          ],
          [
            74.3384313,
            30.8493503
          ],
          [
            74.3404376,
            30.8490279
          ],
          [
            74.3406522,
            30.8490463
          ],
          [
            74.3407112,
            30.8491569
          ],
          [
            74.340679,
            30.8493365
          ],
          [
            74.3406039,
            30.8494194
          ],
          [
            74.3400997,
            30.8495161
          ],
          [
            74.3398154,
            30.8496404
          ],
          [
            74.3396115,
            30.8498431
          ],
          [
            74.3391555,
            30.8506997
          ],
          [
            74.3391716,
            30.8507964
          ],
          [
            74.3396652,
            30.8510128
          ],
          [
            74.3397295,
            30.8510773
          ],
          [
            74.3397081,
            30.851303
          ],
          [
            74.3396437,
            30.8513444
          ],
          [
            74.3389463,
            30.8513306
          ],
          [
            74.3388498,
            30.8513721
          ],
          [
            74.3388015,
            30.8514503
          ],
          [
            74.3388176,
            30.8520398
          ],
          [
            74.338823,
            30.8524911
          ],
          [
            74.3388551,
            30.8525418
          ],
          [
            74.3407863,
            30.853601
          ],
          [
            74.3409795,
            30.8536517
          ],
          [
            74.3445092,
            30.8541583
          ],
          [
            74.345389,
            30.854278
          ],
          [
            74.3460435,
            30.8544207
          ],
          [
            74.3482161,
            30.8549273
          ],
          [
            74.3483823,
            30.8549135
          ],
          [
            74.3542778,
            30.8526385
          ],
          [
            74.3546694,
            30.8507964
          ],
          [
            74.354943,
            30.8504003
          ],
          [
            74.355163,
            30.8484384
          ],
          [
            74.3554956,
            30.8483601
          ],
          [
            74.3565845,
            30.8479456
          ],
          [
            74.3570942,
            30.8476048
          ],
          [
            74.3594062,
            30.8485213
          ],
          [
            74.3608922,
            30.8481897
          ],
          [
            74.3614554,
            30.8478581
          ],
          [
            74.3622386,
            30.8478581
          ],
          [
            74.3634188,
            30.8471627
          ],
          [
            74.3635207,
            30.8471903
          ],
          [
            74.3671578,
            30.8490095
          ],
          [
            74.368515,
            30.8517911
          ],
          [
            74.3678284,
            30.8531359
          ],
          [
            74.3646365,
            30.8573036
          ],
          [
            74.3695664,
            30.8573726
          ],
          [
            74.3710577,
            30.8579437
          ],
          [
            74.3721521,
            30.8581923
          ],
          [
            74.3725598,
            30.8584686
          ],
          [
            74.3740296,
            30.8597488
          ],
          [
            74.375875,
            30.8592791
          ],
          [
            74.3759715,
            30.8581095
          ],
          [
            74.3779778,
            30.8583029
          ],
          [
            74.3821849,
            30.8603417
          ],
          [
            74.3821876,
            30.8603947
          ],
          [
            74.3800592,
            30.8619592
          ],
          [
            74.3752634,
            30.8645379
          ],
          [
            74.3738043,
            30.8653391
          ],
          [
            74.3721521,
            30.8664995
          ],
          [
            74.3663478,
            30.8697134
          ],
          [
            74.3633222,
            30.8717578
          ],
          [
            74.3609512,
            30.8736456
          ],
          [
            74.3617988,
            30.8778814
          ],
          [
            74.3626034,
            30.8790324
          ],
          [
            74.3646741,
            30.880653
          ],
          [
            74.3651676,
            30.8814449
          ],
          [
            74.3653178,
            30.8820895
          ],
          [
            74.3663585,
            30.8850083
          ],
          [
            74.3669379,
            30.8863434
          ],
          [
            74.3665516,
            30.8902288
          ],
          [
            74.3659401,
            30.8926041
          ],
          [
            74.3659723,
            30.8929724
          ],
          [
            74.3675709,
            30.8943074
          ],
          [
            74.3699419,
            30.8950439
          ],
          [
            74.3726563,
            30.8955134
          ],
          [
            74.3744802,
            30.8956515
          ],
          [
            74.3813467,
            30.8955871
          ],
          [
            74.3820119,
            30.8955687
          ],
          [
            74.3830526,
            30.8953293
          ],
          [
            74.3848658,
            30.8969865
          ],
          [
            74.3857455,
            30.8985515
          ],
          [
            74.3867755,
            30.8992144
          ],
          [
            74.3903911,
            30.9022615
          ],
          [
            74.3930626,
            30.904922
          ],
          [
            74.3940604,
            30.9063028
          ],
          [
            74.3973541,
            30.9093498
          ],
          [
            74.4047785,
            30.9095615
          ],
          [
            74.4088125,
            30.9095891
          ],
          [
            74.4098318,
            30.9095062
          ],
          [
            74.4146383,
            30.9086778
          ],
          [
            74.4228351,
            30.9077573
          ],
          [
            74.4239938,
            30.9097456
          ],
          [
            74.4239724,
            30.910436
          ],
          [
            74.4237685,
            30.9117062
          ],
          [
            74.4238543,
            30.9127004
          ],
          [
            74.4233608,
            30.913492
          ],
          [
            74.4241118,
            30.9148543
          ],
          [
            74.4244122,
            30.9159036
          ],
          [
            74.4237256,
            30.9165847
          ],
          [
            74.4201636,
            30.9186465
          ],
          [
            74.4187903,
            30.9191619
          ],
          [
            74.4161296,
            30.9191435
          ],
          [
            74.4111728,
            30.9195117
          ],
          [
            74.4106793,
            30.9210948
          ],
          [
            74.4102716,
            30.9234326
          ],
          [
            74.4147563,
            30.9220152
          ],
          [
            74.4166446,
            30.9217943
          ],
          [
            74.4201851,
            30.9212421
          ],
          [
            74.4210863,
            30.9210028
          ],
          [
            74.4236398,
            30.920745
          ],
          [
            74.4238972,
            30.9227699
          ],
          [
            74.4249701,
            30.925034
          ],
          [
            74.426558,
            30.9268932
          ],
          [
            74.4269442,
            30.9279607
          ],
          [
            74.4287681,
            30.9311082
          ],
          [
            74.4265365,
            30.9305192
          ],
          [
            74.4236183,
            30.9293965
          ],
          [
            74.4228673,
            30.9295437
          ],
          [
            74.4216227,
            30.9294333
          ],
          [
            74.4138336,
            30.9295989
          ],
          [
            74.4177818,
            30.9378814
          ],
          [
            74.4164943,
            30.9403476
          ],
          [
            74.4201636,
            30.9411206
          ],
          [
            74.4242406,
            30.9415761
          ],
          [
            74.4286716,
            30.9424089
          ],
          [
            74.4310212,
            30.9421696
          ],
          [
            74.4326198,
            30.9420776
          ],
          [
            74.4367611,
            30.9420868
          ],
          [
            74.4380486,
            30.9419396
          ],
          [
            74.4394863,
            30.9420592
          ],
          [
            74.4406342,
            30.9450038
          ],
          [
            74.4418788,
            30.9454455
          ],
          [
            74.4419861,
            30.951684
          ],
          [
            74.4513631,
            30.9514632
          ],
          [
            74.455204,
            30.9513712
          ],
          [
            74.4515347,
            30.9558428
          ],
          [
            74.4535088,
            30.9560452
          ],
          [
            74.4561267,
            30.9566893
          ],
          [
            74.4634437,
            30.9566525
          ],
          [
            74.4664049,
            30.9567629
          ],
          [
            74.4669199,
            30.9571861
          ],
          [
            74.4569635,
            30.9638471
          ],
          [
            74.4579828,
            30.9650522
          ],
          [
            74.4591603,
            30.9657468
          ],
          [
            74.4608903,
            30.9665242
          ],
          [
            74.4639587,
            30.9675913
          ],
          [
            74.4667268,
            30.9680145
          ],
          [
            74.4679284,
            30.9689897
          ],
          [
            74.4692588,
            30.9695692
          ],
          [
            74.4712114,
            30.9703052
          ],
          [
            74.4713938,
            30.9700844
          ],
          [
            74.4721126,
            30.9705259
          ],
          [
            74.4721234,
            30.9707743
          ],
          [
            74.47281,
            30.9709215
          ],
          [
            74.4798911,
            30.9742424
          ],
          [
            74.4814682,
            30.9706639
          ],
          [
            74.4863498,
            30.9724302
          ],
          [
            74.4873331,
            30.9724608
          ]
        ]
      },
      "id": "way/685507735"
    },
    {
      "type": "Feature",
      "properties": {
        "@id": "way/685517616",
        "admin_level": "2",
        "border_type": "nation",
        "boundary": "administrative",
        "name": "India - Pakistan",
        "name:ar": "الهند - باكستان",
        "name:arc": "ܗܢܕܘ - ܦܐܩܣܛܐܢ",
        "name:az-Arab": "هیندوستان - پاکیستان",
        "name:azb": "هیندوستان - پاکیستان",
        "name:be": "Індыя - Пакістан",
        "name:da": "Indien - Pakistan",
        "name:de": "Indien - Pakistan",
        "name:en": "India - Pakistan",
        "name:es": "India - Pakistán",
        "name:fa": "هند - پاکستان",
        "name:fr": "Inde - Pakistan",
        "name:glk": "هند - پاکستان",
        "name:grc": "Ἰνδία - Πακιστανία",
        "name:kk": "Үндістан - Пәкістан",
        "name:kk-Arab": "ٴۇندىستان - پاكىستان",
        "name:kn": "ಭಾರತ - ಪಾಕಿಸ್ಥಾನ್",
        "name:ks": "ہِنٛدوستان - پاکِستان",
        "name:lb": "Indien - Pakistan",
        "name:lrc": "هند - پاکستان",
        "name:mzn": "هند - پاکستون",
        "name:pa": "ਭਾਰਤ - ਪਾਕਿਸਤਾਨ",
        "name:pnb": "بھارت - پاکستان",
        "name:ps": "هند - پاکستان",
        "name:sd": "ڀارت - پاڪستان",
        "name:sr": "Индија - Пакистан",
        "name:sv": "Indien - Pakistan",
        "name:syc": "ܗܢܕܘ - ܦܐܩܣܛܐܢ",
        "name:ta": "இந்தியா - பாகிஸ்தான்",
        "name:ug": "ھىندىستان - پاكىستان",
        "name:uk": "Індія - Пакистан",
        "name:ur": "بھارت - پاکستان",
        "source": "LSIB 5"
      },
      "geometry": {
        "type": "LineString",
        "coordinates": [
          [
            74.5455303,
            31.6477356
          ],
          [
            74.5465152,
            31.6458617
          ],
          [
            74.5466254,
            31.6457002
          ],
          [
            74.5466794,
            31.6449054
          ],
          [
            74.5477081,
            31.6427751
          ],
          [
            74.5478238,
            31.6422085
          ],
          [
            74.5480411,
            31.6409074
          ],
          [
            74.5479262,
            31.639059
          ],
          [
            74.5477885,
            31.6385456
          ],
          [
            74.5476154,
            31.6382515
          ],
          [
            74.5467886,
            31.6368233
          ],
          [
            74.5467646,
            31.6363144
          ],
          [
            74.5467804,
            31.635088
          ],
          [
            74.5468831,
            31.6345564
          ],
          [
            74.5470021,
            31.6341712
          ],
          [
            74.5473191,
            31.6336501
          ],
          [
            74.5464043,
            31.633365
          ],
          [
            74.5462755,
            31.6332418
          ],
          [
            74.5464181,
            31.6331453
          ],
          [
            74.5474256,
            31.6320409
          ],
          [
            74.5478167,
            31.6315943
          ],
          [
            74.5479821,
            31.6313114
          ],
          [
            74.548472,
            31.6302302
          ],
          [
            74.5495968,
            31.6273893
          ],
          [
            74.5499162,
            31.6265871
          ],
          [
            74.550592,
            31.6254517
          ],
          [
            74.5512102,
            31.6246006
          ],
          [
            74.5516419,
            31.6239857
          ],
          [
            74.5517155,
            31.623639
          ],
          [
            74.5517958,
            31.6232072
          ],
          [
            74.5518724,
            31.6229987
          ],
          [
            74.551884,
            31.6208551
          ],
          [
            74.5515297,
            31.6201005
          ],
          [
            74.5512534,
            31.6192293
          ],
          [
            74.5511895,
            31.6184408
          ],
          [
            74.5512135,
            31.6177394
          ],
          [
            74.5514818,
            31.6174572
          ],
          [
            74.5517738,
            31.6170525
          ],
          [
            74.5523692,
            31.61649
          ],
          [
            74.5531153,
            31.6159127
          ],
          [
            74.5548696,
            31.6144522
          ],
          [
            74.5553859,
            31.613683
          ],
          [
            74.5546732,
            31.6131922
          ],
          [
            74.5558054,
            31.6120976
          ],
          [
            74.5564554,
            31.6114112
          ],
          [
            74.5560751,
            31.6097783
          ],
          [
            74.5556178,
            31.608514
          ],
          [
            74.5554712,
            31.6079079
          ],
          [
            74.5564887,
            31.6077895
          ],
          [
            74.5575727,
            31.6076324
          ],
          [
            74.5586882,
            31.6074131
          ],
          [
            74.5597733,
            31.607259
          ],
          [
            74.5606246,
            31.6073582
          ],
          [
            74.5616777,
            31.6075897
          ],
          [
            74.5629286,
            31.6075628
          ],
          [
            74.5640578,
            31.6073558
          ],
          [
            74.5646687,
            31.6072508
          ],
          [
            74.5654867,
            31.6071903
          ],
          [
            74.5663764,
            31.6071029
          ],
          [
            74.5671972,
            31.607051
          ],
          [
            74.5674944,
            31.6070039
          ],
          [
            74.5691635,
            31.6065789
          ],
          [
            74.5692729,
            31.6062131
          ],
          [
            74.5700313,
            31.6061671
          ],
          [
            74.5712515,
            31.6059848
          ],
          [
            74.5714618,
            31.6059026
          ],
          [
            74.5719115,
            31.605727
          ],
          [
            74.5726305,
            31.6055653
          ],
          [
            74.573257,
            31.6054413
          ],
          [
            74.5730635,
            31.6048846
          ],
          [
            74.5731065,
            31.6046495
          ],
          [
            74.5731088,
            31.6046353
          ],
          [
            74.5731136,
            31.6046119
          ],
          [
            74.5731661,
            31.6043383
          ],
          [
            74.5732133,
            31.6040925
          ],
          [
            74.5732548,
            31.6038765
          ],
          [
            74.5734027,
            31.603874
          ],
          [
            74.5734642,
            31.603873
          ],
          [
            74.5742024,
            31.6040182
          ],
          [
            74.5744133,
            31.6040134
          ],
          [
            74.5746093,
            31.6039952
          ],
          [
            74.5754381,
            31.6039743
          ],
          [
            74.57552,
            31.6030783
          ],
          [
            74.5755328,
            31.6029377
          ],
          [
            74.5755154,
            31.6027363
          ],
          [
            74.5755657,
            31.6021345
          ],
          [
            74.5756102,
            31.6016428
          ],
          [
            74.5757222,
            31.600805
          ],
          [
            74.5762154,
            31.6008723
          ],
          [
            74.5762827,
            31.6004929
          ],
          [
            74.5769567,
            31.6004932
          ],
          [
            74.5776923,
            31.6002897
          ],
          [
            74.5783668,
            31.600052
          ],
          [
            74.5789404,
            31.5996987
          ],
          [
            74.5774403,
            31.5994391
          ],
          [
            74.5772105,
            31.5987615
          ],
          [
            74.5771029,
            31.5986626
          ],
          [
            74.5770194,
            31.5984524
          ],
          [
            74.5763082,
            31.5985646
          ],
          [
            74.5759873,
            31.598574
          ],
          [
            74.5756924,
            31.5985018
          ],
          [
            74.5749387,
            31.5986093
          ],
          [
            74.5748554,
            31.5978061
          ],
          [
            74.5749771,
            31.5975934
          ],
          [
            74.5753103,
            31.5971493
          ],
          [
            74.5761282,
            31.5961965
          ],
          [
            74.5765224,
            31.5957451
          ],
          [
            74.577167,
            31.5951499
          ],
          [
            74.5778493,
            31.5949527
          ],
          [
            74.5780586,
            31.5950901
          ],
          [
            74.5792508,
            31.5949215
          ],
          [
            74.5794475,
            31.5948237
          ],
          [
            74.5797269,
            31.5944707
          ],
          [
            74.5809223,
            31.5942617
          ],
          [
            74.5810239,
            31.5939414
          ],
          [
            74.5810267,
            31.5934197
          ],
          [
            74.5809802,
            31.593006
          ],
          [
            74.5808465,
            31.5925307
          ],
          [
            74.5811445,
            31.5924549
          ],
          [
            74.5812809,
            31.5917875
          ],
          [
            74.5815342,
            31.5916687
          ],
          [
            74.5813708,
            31.5909508
          ],
          [
            74.5808142,
            31.591057
          ],
          [
            74.580888,
            31.5906099
          ],
          [
            74.5811413,
            31.5898007
          ],
          [
            74.5813753,
            31.5887533
          ],
          [
            74.5816778,
            31.5888755
          ],
          [
            74.5823503,
            31.5879596
          ],
          [
            74.5820494,
            31.5878157
          ],
          [
            74.5817667,
            31.5880389
          ],
          [
            74.5809548,
            31.5872408
          ],
          [
            74.5809986,
            31.5871292
          ],
          [
            74.5816418,
            31.5865614
          ],
          [
            74.5818208,
            31.5864641
          ],
          [
            74.5821629,
            31.5863348
          ],
          [
            74.5827024,
            31.5861193
          ],
          [
            74.5837635,
            31.5855261
          ],
          [
            74.5845885,
            31.5850393
          ],
          [
            74.5852331,
            31.5856377
          ],
          [
            74.5858341,
            31.5851041
          ],
          [
            74.585184,
            31.5846272
          ],
          [
            74.5856995,
            31.5842539
          ],
          [
            74.5861282,
            31.5840142
          ],
          [
            74.5870074,
            31.5833944
          ],
          [
            74.586261,
            31.5828726
          ],
          [
            74.5860167,
            31.5825631
          ],
          [
            74.5853391,
            31.5813705
          ],
          [
            74.586281,
            31.5806627
          ],
          [
            74.5868833,
            31.5802439
          ],
          [
            74.5872496,
            31.5800439
          ],
          [
            74.5885086,
            31.5794414
          ],
          [
            74.5890782,
            31.5791413
          ],
          [
            74.5905395,
            31.5778652
          ],
          [
            74.5908395,
            31.5773104
          ],
          [
            74.5913742,
            31.5769434
          ],
          [
            74.5918682,
            31.576532
          ],
          [
            74.5921431,
            31.5754932
          ],
          [
            74.5923354,
            31.5749079
          ],
          [
            74.5921303,
            31.5740841
          ],
          [
            74.592584,
            31.5739478
          ],
          [
            74.5940047,
            31.5736544
          ],
          [
            74.594919,
            31.5735276
          ],
          [
            74.5957555,
            31.5733406
          ],
          [
            74.5977783,
            31.5731826
          ],
          [
            74.5985952,
            31.5731605
          ],
          [
            74.5997133,
            31.5730885
          ],
          [
            74.6017071,
            31.5726772
          ],
          [
            74.6026687,
            31.5722234
          ],
          [
            74.6043866,
            31.5714556
          ],
          [
            74.606131,
            31.5705377
          ],
          [
            74.6069141,
            31.570081
          ],
          [
            74.6072795,
            31.5699346
          ],
          [
            74.6082343,
            31.5694104
          ],
          [
            74.6086707,
            31.5691261
          ],
          [
            74.609214,
            31.5690846
          ],
          [
            74.6092571,
            31.5689005
          ],
          [
            74.6096277,
            31.5686911
          ],
          [
            74.6095715,
            31.5681468
          ],
          [
            74.609962,
            31.5676927
          ],
          [
            74.6108799,
            31.5674619
          ],
          [
            74.6108831,
            31.5670745
          ],
          [
            74.6115838,
            31.566971
          ],
          [
            74.6117573,
            31.5676718
          ],
          [
            74.6118375,
            31.5682968
          ],
          [
            74.6128944,
            31.5681159
          ],
          [
            74.6131435,
            31.5687959
          ],
          [
            74.6158901,
            31.5690396
          ],
          [
            74.6158694,
            31.5680955
          ],
          [
            74.6150491,
            31.5680979
          ],
          [
            74.6147831,
            31.5673651
          ],
          [
            74.6139688,
            31.5674551
          ],
          [
            74.6135339,
            31.5669315
          ],
          [
            74.6121438,
            31.5674195
          ],
          [
            74.6117747,
            31.5667907
          ],
          [
            74.6116732,
            31.5665592
          ],
          [
            74.6115507,
            31.5663501
          ],
          [
            74.6099858,
            31.5667449
          ],
          [
            74.6097977,
            31.5664592
          ],
          [
            74.6089913,
            31.5667097
          ],
          [
            74.6088672,
            31.5663562
          ],
          [
            74.6087108,
            31.5659686
          ],
          [
            74.6086631,
            31.5656973
          ],
          [
            74.6086077,
            31.5654613
          ],
          [
            74.6084785,
            31.5651092
          ],
          [
            74.6081695,
            31.56489
          ],
          [
            74.6077791,
            31.5646135
          ],
          [
            74.6072103,
            31.5640611
          ],
          [
            74.6069347,
            31.5637159
          ],
          [
            74.6069428,
            31.5633957
          ],
          [
            74.6068698,
            31.5632717
          ],
          [
            74.6069347,
            31.5630948
          ],
          [
            74.606929,
            31.5629852
          ],
          [
            74.6067131,
            31.562512
          ],
          [
            74.6074906,
            31.5622067
          ],
          [
            74.6082693,
            31.5617668
          ],
          [
            74.6085597,
            31.5615528
          ],
          [
            74.6088071,
            31.5614294
          ],
          [
            74.6090293,
            31.561355
          ],
          [
            74.6092491,
            31.5612835
          ],
          [
            74.6094841,
            31.5611222
          ],
          [
            74.6100349,
            31.5605516
          ],
          [
            74.6102235,
            31.5603968
          ],
          [
            74.6106353,
            31.5603511
          ],
          [
            74.6112824,
            31.5601131
          ],
          [
            74.6109492,
            31.5591428
          ],
          [
            74.610938,
            31.558947
          ],
          [
            74.6119635,
            31.5584871
          ],
          [
            74.6136534,
            31.5579027
          ],
          [
            74.6142369,
            31.557662
          ],
          [
            74.6152126,
            31.5575343
          ],
          [
            74.6161109,
            31.5574986
          ],
          [
            74.6165454,
            31.5568498
          ],
          [
            74.6168401,
            31.5560954
          ],
          [
            74.6169172,
            31.5553537
          ],
          [
            74.6169128,
            31.5548482
          ],
          [
            74.6170967,
            31.5543323
          ],
          [
            74.6170423,
            31.553132
          ],
          [
            74.6181368,
            31.5527158
          ],
          [
            74.6185095,
            31.5526275
          ],
          [
            74.6187535,
            31.5515502
          ],
          [
            74.6182922,
            31.5511283
          ],
          [
            74.6170361,
            31.5512089
          ],
          [
            74.6169217,
            31.5513298
          ],
          [
            74.6154824,
            31.551422
          ],
          [
            74.6143997,
            31.5511023
          ],
          [
            74.6144069,
            31.5501569
          ],
          [
            74.6144722,
            31.5497387
          ],
          [
            74.6146001,
            31.5491858
          ],
          [
            74.614566,
            31.5483072
          ],
          [
            74.614453,
            31.5475914
          ],
          [
            74.6149603,
            31.5463697
          ],
          [
            74.6150492,
            31.5458668
          ],
          [
            74.6149848,
            31.5440847
          ],
          [
            74.6147471,
            31.5436958
          ],
          [
            74.614484,
            31.5437675
          ],
          [
            74.6142488,
            31.5433027
          ],
          [
            74.6137383,
            31.5432014
          ],
          [
            74.6129635,
            31.5433842
          ],
          [
            74.6128785,
            31.5427113
          ],
          [
            74.612909,
            31.5421477
          ],
          [
            74.6127394,
            31.5407086
          ],
          [
            74.6130587,
            31.5406277
          ],
          [
            74.6133557,
            31.5392188
          ],
          [
            74.6134186,
            31.5384428
          ],
          [
            74.6135294,
            31.5376351
          ],
          [
            74.6137042,
            31.5370093
          ],
          [
            74.6139804,
            31.5360954
          ],
          [
            74.614253,
            31.5353621
          ],
          [
            74.614266,
            31.5353271
          ],
          [
            74.6142751,
            31.5350137
          ],
          [
            74.6139435,
            31.534552
          ],
          [
            74.6137245,
            31.5341466
          ],
          [
            74.6133457,
            31.5335802
          ],
          [
            74.6132177,
            31.5331802
          ],
          [
            74.6127543,
            31.53157
          ],
          [
            74.6124986,
            31.531178
          ],
          [
            74.6123261,
            31.5308482
          ],
          [
            74.6122262,
            31.5304266
          ],
          [
            74.6122513,
            31.5299934
          ],
          [
            74.6128135,
            31.5282199
          ],
          [
            74.6129041,
            31.5274089
          ],
          [
            74.6128569,
            31.5272547
          ],
          [
            74.6127024,
            31.5271699
          ],
          [
            74.6119345,
            31.5270644
          ],
          [
            74.6108603,
            31.5271515
          ],
          [
            74.609925,
            31.5270247
          ],
          [
            74.6085576,
            31.5265587
          ],
          [
            74.6080092,
            31.5262615
          ],
          [
            74.6069757,
            31.5255291
          ],
          [
            74.6060587,
            31.5250443
          ],
          [
            74.6051844,
            31.5244672
          ],
          [
            74.6038305,
            31.5239576
          ],
          [
            74.6027525,
            31.5243286
          ],
          [
            74.6021074,
            31.5244714
          ],
          [
            74.6003772,
            31.5245219
          ],
          [
            74.5991181,
            31.5249957
          ],
          [
            74.5981348,
            31.5253746
          ],
          [
            74.5972628,
            31.5256235
          ],
          [
            74.596004,
            31.5259788
          ],
          [
            74.5952114,
            31.5255048
          ],
          [
            74.5946739,
            31.5250021
          ],
          [
            74.5942095,
            31.5245916
          ],
          [
            74.5934861,
            31.5239683
          ],
          [
            74.5932152,
            31.5235983
          ],
          [
            74.5930295,
            31.5235055
          ],
          [
            74.5929895,
            31.5234208
          ],
          [
            74.5925813,
            31.523262
          ],
          [
            74.5923225,
            31.5231193
          ],
          [
            74.5921509,
            31.5229982
          ],
          [
            74.5919272,
            31.522884
          ],
          [
            74.59115,
            31.5226822
          ],
          [
            74.590583,
            31.5224213
          ],
          [
            74.5893608,
            31.5222784
          ],
          [
            74.5892891,
            31.5218053
          ],
          [
            74.5890878,
            31.5217798
          ],
          [
            74.5889675,
            31.5214189
          ],
          [
            74.5879718,
            31.5214477
          ],
          [
            74.5869347,
            31.5215102
          ],
          [
            74.5867322,
            31.5215216
          ],
          [
            74.5863901,
            31.5214609
          ],
          [
            74.5859377,
            31.5213087
          ],
          [
            74.5847373,
            31.52078
          ],
          [
            74.5842205,
            31.5207521
          ]
        ]
      },
      "id": "way/685517616"
    },
    {
      "type": "Feature",
      "properties": {
        "@id": "way/711137505",
        "admin_level": "2",
        "border_type": "nation",
        "boundary": "administrative",
        "name": "India - پاکستان",
        "name:ar": "الهند - باكستان",
        "name:arc": "ܗܢܕܘ - ܦܐܩܣܛܐܢ",
        "name:az-Arab": "هیندوستان - پاکیستان",
        "name:azb": "هیندوستان - پاکیستان",
        "name:be": "Індыя - Пакістан",
        "name:bn": "ভারত–পাকিস্তান",
        "name:da": "Indien - Pakistan",
        "name:de": "Indien - Pakistan",
        "name:en": "India - Pakistan",
        "name:es": "India - Pakistán",
        "name:fa": "هند - پاکستان",
        "name:fr": "Inde - Pakistan",
        "name:glk": "هند - پاکستان",
        "name:grc": "Ἰνδία - Πακιστανία",
        "name:hi": "भारत-पाकिस्तान",
        "name:kk": "Үндістан - Пәкістан",
        "name:kk-Arab": "ٴۇندىستان - پاكىستان",
        "name:kn": "ಭಾರತ - ಪಾಕಿಸ್ಥಾನ್",
        "name:ks": "ہِنٛدوستان - پاکِستان",
        "name:lb": "Indien - Pakistan",
        "name:lrc": "هند - پاکستان",
        "name:mzn": "هند - پاکستون",
        "name:pa": "ਭਾਰਤ - ਪਾਕਿਸਤਾਨ",
        "name:pnb": "بھارت - پاکستان",
        "name:ps": "هند - پاکستان",
        "name:sd": "ڀارت - پاڪستان",
        "name:sr": "Индија - Пакистан",
        "name:sv": "Indien - Pakistan",
        "name:syc": "ܗܢܕܘ - ܦܐܩܣܛܐܢ",
        "name:ta": "இந்திய-பாகிஸ்தானிய",
        "name:te": "భారత-పాకిస్తాన్",
        "name:ug": "ھىندىستان - پاكىستان",
        "name:uk": "Індія - Пакистан",
        "name:ur": "بھارت - پاکستان",
        "source": "LSIB 5"
      },
      "geometry": {
        "type": "LineString",
        "coordinates": [
          [
            74.4992794,
            31.7072889
          ],
          [
            74.4994758,
            31.7068966
          ],
          [
            74.501518,
            31.7038378
          ],
          [
            74.5034097,
            31.7025572
          ],
          [
            74.5029272,
            31.7016136
          ],
          [
            74.5025283,
            31.7008983
          ],
          [
            74.5027205,
            31.700605
          ],
          [
            74.5023472,
            31.6996523
          ],
          [
            74.5023172,
            31.6992406
          ],
          [
            74.5028536,
            31.6988346
          ],
          [
            74.5024194,
            31.6982035
          ],
          [
            74.5016799,
            31.6974077
          ],
          [
            74.5021407,
            31.6969817
          ],
          [
            74.501669,
            31.6964137
          ],
          [
            74.5023134,
            31.6959922
          ],
          [
            74.5019875,
            31.6956239
          ],
          [
            74.5025324,
            31.6952969
          ],
          [
            74.5028015,
            31.6952153
          ],
          [
            74.5034564,
            31.6949997
          ],
          [
            74.5037948,
            31.6948709
          ],
          [
            74.5045186,
            31.6945574
          ],
          [
            74.5051194,
            31.6943339
          ],
          [
            74.506831,
            31.6938775
          ],
          [
            74.5076359,
            31.6931441
          ],
          [
            74.5084401,
            31.6927491
          ],
          [
            74.5094001,
            31.6922161
          ],
          [
            74.5097978,
            31.6920287
          ],
          [
            74.510607,
            31.6917612
          ],
          [
            74.5120765,
            31.691146
          ],
          [
            74.5140765,
            31.6903113
          ],
          [
            74.5144972,
            31.6901237
          ],
          [
            74.5150559,
            31.6898341
          ],
          [
            74.5154797,
            31.6895855
          ],
          [
            74.5160693,
            31.6891838
          ],
          [
            74.5168343,
            31.6887015
          ],
          [
            74.5170778,
            31.6886293
          ],
          [
            74.517259,
            31.6885361
          ],
          [
            74.5178404,
            31.6883305
          ],
          [
            74.518462,
            31.6881566
          ],
          [
            74.5194652,
            31.687843
          ],
          [
            74.5208869,
            31.6874325
          ],
          [
            74.5219012,
            31.6872623
          ],
          [
            74.5231103,
            31.6868068
          ],
          [
            74.5237918,
            31.6869576
          ],
          [
            74.5242859,
            31.6869343
          ],
          [
            74.5246924,
            31.6863804
          ],
          [
            74.5249652,
            31.6860429
          ],
          [
            74.5252293,
            31.6858278
          ],
          [
            74.5254887,
            31.6856536
          ],
          [
            74.5255947,
            31.6855221
          ],
          [
            74.5257624,
            31.6853142
          ],
          [
            74.5260609,
            31.6847463
          ],
          [
            74.526362,
            31.6842894
          ],
          [
            74.5270098,
            31.6836053
          ],
          [
            74.5274679,
            31.6832726
          ],
          [
            74.5285068,
            31.6825157
          ],
          [
            74.5287213,
            31.6823836
          ],
          [
            74.529468,
            31.6820557
          ],
          [
            74.5308959,
            31.6816014
          ],
          [
            74.5312995,
            31.6814278
          ],
          [
            74.5319955,
            31.6810849
          ],
          [
            74.532177,
            31.6805913
          ],
          [
            74.5323889,
            31.6801551
          ],
          [
            74.532555,
            31.6795559
          ],
          [
            74.5325942,
            31.678821
          ],
          [
            74.5326557,
            31.6785847
          ],
          [
            74.5327488,
            31.6784988
          ],
          [
            74.5329781,
            31.6784434
          ],
          [
            74.5345333,
            31.6782963
          ],
          [
            74.5346304,
            31.6778721
          ],
          [
            74.5347082,
            31.6776307
          ],
          [
            74.535112,
            31.6776251
          ],
          [
            74.5350644,
            31.676788
          ],
          [
            74.5347787,
            31.6758855
          ],
          [
            74.5341092,
            31.6750442
          ],
          [
            74.5342795,
            31.674469
          ],
          [
            74.5343211,
            31.6740074
          ],
          [
            74.5345127,
            31.6736263
          ],
          [
            74.5343397,
            31.6734336
          ],
          [
            74.533725,
            31.6731228
          ],
          [
            74.5326542,
            31.6723813
          ],
          [
            74.5320955,
            31.6719524
          ],
          [
            74.5312665,
            31.6711591
          ],
          [
            74.5296913,
            31.6694301
          ],
          [
            74.5293983,
            31.6689368
          ],
          [
            74.5293293,
            31.6682678
          ],
          [
            74.5291843,
            31.6681082
          ],
          [
            74.529022,
            31.6674837
          ],
          [
            74.5289999,
            31.6672742
          ],
          [
            74.5290396,
            31.6668762
          ],
          [
            74.5288352,
            31.6663989
          ],
          [
            74.5293846,
            31.6662649
          ],
          [
            74.5300228,
            31.6662054
          ],
          [
            74.5305852,
            31.6660936
          ],
          [
            74.5306367,
            31.6661424
          ],
          [
            74.5311494,
            31.6661163
          ],
          [
            74.5327002,
            31.6648869
          ],
          [
            74.5337786,
            31.6641036
          ],
          [
            74.5347372,
            31.6635712
          ],
          [
            74.5363225,
            31.6628114
          ],
          [
            74.5379429,
            31.661874
          ],
          [
            74.5387825,
            31.6610823
          ],
          [
            74.5397272,
            31.6603212
          ],
          [
            74.5403219,
            31.6599425
          ],
          [
            74.5400353,
            31.6588611
          ],
          [
            74.5398767,
            31.6585418
          ],
          [
            74.5391406,
            31.6575209
          ],
          [
            74.5388811,
            31.6571963
          ],
          [
            74.5384219,
            31.6568296
          ],
          [
            74.5381705,
            31.6565572
          ],
          [
            74.5381387,
            31.6563711
          ],
          [
            74.5383071,
            31.6560181
          ],
          [
            74.5378083,
            31.6554272
          ],
          [
            74.5374345,
            31.6553287
          ],
          [
            74.5376071,
            31.6548588
          ],
          [
            74.5372476,
            31.654722
          ],
          [
            74.5377205,
            31.6538766
          ],
          [
            74.5375805,
            31.653631
          ],
          [
            74.5374908,
            31.6531963
          ],
          [
            74.5376757,
            31.6526994
          ],
          [
            74.537764,
            31.6523453
          ],
          [
            74.5379955,
            31.6517437
          ],
          [
            74.5382225,
            31.650819
          ],
          [
            74.5385155,
            31.6499709
          ],
          [
            74.5387919,
            31.6492069
          ],
          [
            74.5390523,
            31.6487027
          ],
          [
            74.5391597,
            31.648411
          ],
          [
            74.5391268,
            31.6482441
          ],
          [
            74.5402646,
            31.6477463
          ],
          [
            74.5409473,
            31.6474349
          ],
          [
            74.5410879,
            31.6472995
          ],
          [
            74.5412233,
            31.6466582
          ],
          [
            74.542324,
            31.6470714
          ],
          [
            74.5432261,
            31.6474689
          ],
          [
            74.5441361,
            31.6479531
          ],
          [
            74.5444993,
            31.648171
          ],
          [
            74.544861,
            31.6483249
          ],
          [
            74.5453702,
            31.6478043
          ],
          [
            74.5455303,
            31.6477356
          ]
        ]
      },
      "id": "way/711137505"
    },
    {
      "type": "Feature",
      "properties": {
        "@id": "way/711232941",
        "admin_level": "2",
        "border_type": "nation",
        "boundary": "administrative",
        "name": "India - پاکستان",
        "name:ar": "الهند - باكستان",
        "name:arc": "ܗܢܕܘ - ܦܐܩܣܛܐܢ",
        "name:az-Arab": "هیندوستان - پاکیستان",
        "name:azb": "هیندوستان - پاکیستان",
        "name:be": "Індыя - Пакістан",
        "name:bn": "ভারত–পাকিস্তান",
        "name:da": "Indien - Pakistan",
        "name:de": "Indien - Pakistan",
        "name:en": "India - Pakistan",
        "name:es": "India - Pakistán",
        "name:fa": "هند - پاکستان",
        "name:fr": "Inde - Pakistan",
        "name:glk": "هند - پاکستان",
        "name:grc": "Ἰνδία - Πακιστανία",
        "name:hi": "भारत-पाकिस्तान",
        "name:kk": "Үндістан - Пәкістан",
        "name:kk-Arab": "ٴۇندىستان - پاكىستان",
        "name:kn": "ಭಾರತ - ಪಾಕಿಸ್ತಾನ",
        "name:ks": "ہِنٛدوستان - پاکِستان",
        "name:lb": "Indien - Pakistan",
        "name:lrc": "هند - پاکستان",
        "name:mzn": "هند - پاکستون",
        "name:pa": "ਭਾਰਤ - ਪਾਕਿਸਤਾਨ",
        "name:pnb": "بھارت - پاکستان",
        "name:ps": "هند - پاکستان",
        "name:sd": "ڀارت - پاڪستان",
        "name:sr": "Индија - Пакистан",
        "name:sv": "Indien - Pakistan",
        "name:syc": "ܗܢܕܘ - ܦܐܩܣܛܐܢ",
        "name:ta": "இந்திய-பாகிஸ்தானிய",
        "name:te": "భారత-పాకిస్తాన్",
        "name:ug": "ھىندىستان - پاكىستان",
        "name:uk": "Індія - Пакистан",
        "name:ur": "بھارت - پاکستان",
        "source": "LSIB 5"
      },
      "geometry": {
        "type": "LineString",
        "coordinates": [
          [
            74.908366,
            32.0514844
          ],
          [
            74.9047623,
            32.0502887
          ],
          [
            74.9031573,
            32.0506079
          ],
          [
            74.9018564,
            32.0509101
          ],
          [
            74.8992323,
            32.0514791
          ],
          [
            74.8986661,
            32.051618
          ],
          [
            74.8980176,
            32.0517828
          ]
        ]
      },
      "id": "way/711232941"
    },
    {
      "type": "Feature",
      "properties": {
        "@id": "way/711236983",
        "admin_level": "2",
        "border_type": "nation",
        "boundary": "administrative",
        "name": "India - پاکستان",
        "name:ar": "الهند - باكستان",
        "name:arc": "ܗܢܕܘ - ܦܐܩܣܛܐܢ",
        "name:az-Arab": "هیندوستان - پاکیستان",
        "name:azb": "هیندوستان - پاکیستان",
        "name:be": "Індыя - Пакістан",
        "name:bn": "ভারত–পাকিস্তান",
        "name:da": "Indien - Pakistan",
        "name:de": "Indien - Pakistan",
        "name:en": "India - Pakistan",
        "name:es": "India - Pakistán",
        "name:fa": "هند - پاکستان",
        "name:fr": "Inde - Pakistan",
        "name:glk": "هند - پاکستان",
        "name:grc": "Ἰνδία - Πακιστανία",
        "name:hi": "भारत-पाकिस्तान",
        "name:kk": "Үндістан - Пәкістан",
        "name:kk-Arab": "ٴۇندىستان - پاكىستان",
        "name:kn": "ಭಾರತ - ಪಾಕಿಸ್ಥಾನ್",
        "name:ks": "ہِنٛدوستان - پاکِستان",
        "name:lb": "Indien - Pakistan",
        "name:lrc": "هند - پاکستان",
        "name:mzn": "هند - پاکستون",
        "name:pa": "ਭਾਰਤ - ਪਾਕਿਸਤਾਨ",
        "name:pnb": "بھارت - پاکستان",
        "name:ps": "هند - پاکستان",
        "name:sd": "ڀارت - پاڪستان",
        "name:sr": "Индија - Пакистан",
        "name:sv": "Indien - Pakistan",
        "name:syc": "ܗܢܕܘ - ܦܐܩܣܛܐܢ",
        "name:ta": "இந்திய-பாகிஸ்தானிய",
        "name:te": "భారత-పాకిస్తాన్",
        "name:ug": "ھىندىستان - پاكىستان",
        "name:uk": "Індія - Пакистан",
        "name:ur": "بھارت - پاکستان",
        "source": "LSIB 5"
      },
      "geometry": {
        "type": "LineString",
        "coordinates": [
          [
            74.9853063,
            32.0423544
          ],
          [
            74.9829595,
            32.0401811
          ],
          [
            74.9823874,
            32.0402919
          ],
          [
            74.9818139,
            32.0405049
          ],
          [
            74.9792238,
            32.0410327
          ],
          [
            74.9718744,
            32.0425224
          ],
          [
            74.974205,
            32.0443627
          ],
          [
            74.9780445,
            32.0470766
          ],
          [
            74.9782786,
            32.0484593
          ],
          [
            74.9762181,
            32.0502725
          ],
          [
            74.9749885,
            32.0520225
          ],
          [
            74.9739636,
            32.0534562
          ],
          [
            74.9690227,
            32.0550074
          ],
          [
            74.9642177,
            32.0565276
          ],
          [
            74.963657,
            32.0566845
          ],
          [
            74.9623099,
            32.057136
          ],
          [
            74.9605247,
            32.0576831
          ],
          [
            74.9572252,
            32.0587791
          ],
          [
            74.9550937,
            32.0595133
          ],
          [
            74.9546051,
            32.0596693
          ],
          [
            74.9529412,
            32.0601679
          ],
          [
            74.9526743,
            32.0595855
          ],
          [
            74.9520264,
            32.0582346
          ],
          [
            74.9513969,
            32.0584879
          ],
          [
            74.9483038,
            32.0593015
          ],
          [
            74.949527,
            32.0622531
          ],
          [
            74.9480683,
            32.0630898
          ],
          [
            74.9479727,
            32.0629681
          ],
          [
            74.9476476,
            32.0631051
          ],
          [
            74.9473981,
            32.062774
          ],
          [
            74.94642,
            32.0632428
          ],
          [
            74.9450403,
            32.0636797
          ],
          [
            74.9448821,
            32.0635946
          ],
          [
            74.9441689,
            32.063809
          ],
          [
            74.9433365,
            32.0639122
          ],
          [
            74.9420028,
            32.064005
          ],
          [
            74.9408112,
            32.0640531
          ],
          [
            74.9397798,
            32.0640391
          ],
          [
            74.9392121,
            32.0640831
          ],
          [
            74.9380036,
            32.0644321
          ],
          [
            74.9375939,
            32.0646093
          ],
          [
            74.9366139,
            32.064851
          ],
          [
            74.9355804,
            32.0651973
          ],
          [
            74.9336364,
            32.0656466
          ],
          [
            74.9328598,
            32.0656794
          ],
          [
            74.931829,
            32.065821
          ],
          [
            74.9296267,
            32.06612
          ],
          [
            74.9281629,
            32.0663355
          ],
          [
            74.9274523,
            32.0664222
          ],
          [
            74.9263471,
            32.066546
          ],
          [
            74.9259825,
            32.0665557
          ],
          [
            74.9256476,
            32.0665118
          ],
          [
            74.9246006,
            32.0661738
          ],
          [
            74.9238001,
            32.0655429
          ],
          [
            74.9241838,
            32.0650644
          ],
          [
            74.9229428,
            32.064463
          ],
          [
            74.9222444,
            32.0641021
          ],
          [
            74.9215228,
            32.0638359
          ],
          [
            74.9202974,
            32.0632222
          ],
          [
            74.919526,
            32.0627663
          ],
          [
            74.9188833,
            32.0624825
          ],
          [
            74.9186092,
            32.0620857
          ],
          [
            74.9181572,
            32.0608595
          ],
          [
            74.9173789,
            32.0590864
          ],
          [
            74.9174655,
            32.0588192
          ],
          [
            74.9176952,
            32.0579866
          ],
          [
            74.9172021,
            32.0577373
          ],
          [
            74.9165023,
            32.0582868
          ],
          [
            74.9155048,
            32.0578392
          ],
          [
            74.91408,
            32.0570797
          ],
          [
            74.9136957,
            32.0569462
          ],
          [
            74.9129797,
            32.0565131
          ],
          [
            74.9125636,
            32.0562005
          ],
          [
            74.9122638,
            32.056004
          ],
          [
            74.9126545,
            32.0545647
          ],
          [
            74.9127382,
            32.0538585
          ],
          [
            74.9106743,
            32.0525759
          ],
          [
            74.9096079,
            32.0519247
          ],
          [
            74.908662,
            32.0516088
          ],
          [
            74.908366,
            32.0514844
          ]
        ]
      },
      "id": "way/711236983"
    },
    {
      "type": "Feature",
      "properties": {
        "@id": "way/711397800",
        "admin_level": "2",
        "border_type": "nation",
        "boundary": "administrative",
        "name": "India - پاکستان",
        "name:ar": "الهند - باكستان",
        "name:arc": "ܗܢܕܘ - ܦܐܩܣܛܐܢ",
        "name:az-Arab": "هیندوستان - پاکیستان",
        "name:azb": "هیندوستان - پاکیستان",
        "name:be": "Індыя - Пакістан",
        "name:da": "Indien - Pakistan",
        "name:de": "Indien - Pakistan",
        "name:en": "India - Pakistan",
        "name:es": "India - Pakistán",
        "name:fa": "هند - پاکستان",
        "name:fr": "Inde - Pakistan",
        "name:glk": "هند - پاکستان",
        "name:grc": "Ἰνδία - Πακιστανία",
        "name:kk": "Үндістан - Пәкістан",
        "name:kk-Arab": "ٴۇندىستان - پاكىستان",
        "name:kn": "ಭಾರತ - ಪಾಕಿಸ್ಥಾನ್",
        "name:ks": "ہِنٛدوستان - پاکِستان",
        "name:lb": "Indien - Pakistan",
        "name:lrc": "هند - پاکستان",
        "name:mzn": "هند - پاکستون",
        "name:pa": "ਭਾਰਤ - ਪਾਕਿਸਤਾਨ",
        "name:pnb": "بھارت - پاکستان",
        "name:ps": "هند - پاکستان",
        "name:sd": "ڀارت - پاڪستان",
        "name:sr": "Индија - Пакистан",
        "name:sv": "Indien - Pakistan",
        "name:syc": "ܗܢܕܘ - ܦܐܩܣܛܐܢ",
        "name:ug": "ھىندىستان - پاكىستان",
        "name:uk": "Індія - Пакистан",
        "name:ur": "بھارت - پاکستان",
        "source": "LSIB 5"
      },
      "geometry": {
        "type": "LineString",
        "coordinates": [
          [
            74.6108794,
            31.4990013
          ],
          [
            74.6118061,
            31.4979327
          ],
          [
            74.6128192,
            31.4964875
          ],
          [
            74.613057,
            31.4960585
          ],
          [
            74.6132397,
            31.4956482
          ],
          [
            74.6136761,
            31.4944308
          ],
          [
            74.6137678,
            31.4940104
          ],
          [
            74.6137404,
            31.4934264
          ],
          [
            74.6137256,
            31.4927083
          ],
          [
            74.6136262,
            31.4919045
          ],
          [
            74.6137754,
            31.4913581
          ],
          [
            74.6139461,
            31.4907613
          ],
          [
            74.6141861,
            31.4899909
          ],
          [
            74.6143305,
            31.4895301
          ],
          [
            74.6145366,
            31.4891117
          ],
          [
            74.6150979,
            31.4883245
          ],
          [
            74.6154594,
            31.4878759
          ],
          [
            74.6165316,
            31.4866574
          ],
          [
            74.6172866,
            31.4859551
          ],
          [
            74.6179518,
            31.4856486
          ],
          [
            74.618735,
            31.485477
          ],
          [
            74.6187451,
            31.4850508
          ],
          [
            74.6196232,
            31.4850385
          ],
          [
            74.6208172,
            31.485084
          ],
          [
            74.622264,
            31.4852107
          ],
          [
            74.6223644,
            31.4851795
          ],
          [
            74.6222816,
            31.4843933
          ],
          [
            74.6218109,
            31.4831011
          ],
          [
            74.6218405,
            31.4828057
          ],
          [
            74.6220127,
            31.4827383
          ],
          [
            74.6224764,
            31.4826406
          ],
          [
            74.6225659,
            31.4824635
          ],
          [
            74.6222814,
            31.4819771
          ],
          [
            74.622992,
            31.4816102
          ],
          [
            74.6230975,
            31.4822249
          ],
          [
            74.623362,
            31.4828783
          ],
          [
            74.6236479,
            31.4833205
          ],
          [
            74.6245543,
            31.483225
          ],
          [
            74.6259456,
            31.4826564
          ],
          [
            74.6261757,
            31.4836569
          ],
          [
            74.6251562,
            31.483809
          ],
          [
            74.6252286,
            31.4842495
          ],
          [
            74.6251866,
            31.4848977
          ],
          [
            74.6250875,
            31.4858546
          ],
          [
            74.6256469,
            31.4858476
          ],
          [
            74.6263023,
            31.4858025
          ],
          [
            74.6270559,
            31.4855597
          ],
          [
            74.6273299,
            31.4856732
          ],
          [
            74.627719,
            31.4859297
          ],
          [
            74.6284371,
            31.4854321
          ],
          [
            74.6290915,
            31.4859492
          ],
          [
            74.6298162,
            31.4864133
          ],
          [
            74.6304624,
            31.486063
          ],
          [
            74.6307308,
            31.4859687
          ],
          [
            74.631074,
            31.4856949
          ],
          [
            74.632052,
            31.4864934
          ],
          [
            74.6323185,
            31.4864722
          ],
          [
            74.6325414,
            31.4859323
          ],
          [
            74.6329951,
            31.4857439
          ],
          [
            74.6332641,
            31.4855904
          ],
          [
            74.6335827,
            31.4854361
          ],
          [
            74.6340071,
            31.485423
          ],
          [
            74.634395,
            31.4854271
          ],
          [
            74.63474,
            31.4855367
          ],
          [
            74.6355348,
            31.4853379
          ],
          [
            74.6358367,
            31.4851663
          ],
          [
            74.6361247,
            31.4849785
          ],
          [
            74.6366854,
            31.484739
          ],
          [
            74.6364833,
            31.4844909
          ],
          [
            74.6362803,
            31.4844656
          ],
          [
            74.6361595,
            31.4843259
          ],
          [
            74.6359115,
            31.4842327
          ],
          [
            74.6354878,
            31.4843693
          ],
          [
            74.635103,
            31.4846167
          ],
          [
            74.6347783,
            31.4843659
          ],
          [
            74.6346435,
            31.4841624
          ],
          [
            74.6342038,
            31.4837114
          ],
          [
            74.633892,
            31.4825189
          ],
          [
            74.6334088,
            31.4823867
          ],
          [
            74.6331268,
            31.4822283
          ],
          [
            74.6326877,
            31.4821963
          ],
          [
            74.6323482,
            31.4820034
          ],
          [
            74.6320228,
            31.481764
          ],
          [
            74.6315564,
            31.4812929
          ],
          [
            74.6311187,
            31.481747
          ],
          [
            74.6309322,
            31.481847
          ],
          [
            74.6308875,
            31.4823029
          ],
          [
            74.6310614,
            31.4830039
          ],
          [
            74.6306427,
            31.4835139
          ],
          [
            74.6301179,
            31.4836617
          ],
          [
            74.6298117,
            31.4838229
          ],
          [
            74.6298487,
            31.4840771
          ],
          [
            74.6296215,
            31.4841344
          ],
          [
            74.6292628,
            31.4834728
          ],
          [
            74.6288756,
            31.4826166
          ],
          [
            74.6296091,
            31.482155
          ],
          [
            74.6289112,
            31.4811088
          ],
          [
            74.6279512,
            31.480027
          ],
          [
            74.6282314,
            31.4792791
          ],
          [
            74.6291197,
            31.4787181
          ],
          [
            74.6286893,
            31.478147
          ],
          [
            74.6283364,
            31.4777966
          ],
          [
            74.6280336,
            31.4774044
          ],
          [
            74.6277733,
            31.4768641
          ],
          [
            74.6282673,
            31.4765758
          ],
          [
            74.6287331,
            31.4763839
          ],
          [
            74.6290167,
            31.4766985
          ],
          [
            74.6295455,
            31.4772191
          ],
          [
            74.6303892,
            31.4766887
          ],
          [
            74.6304992,
            31.4766885
          ],
          [
            74.6307863,
            31.4769234
          ],
          [
            74.6311416,
            31.476566
          ],
          [
            74.6316396,
            31.4768085
          ],
          [
            74.6320735,
            31.476847
          ],
          [
            74.6323555,
            31.4770675
          ],
          [
            74.6322839,
            31.4775884
          ],
          [
            74.6324159,
            31.4777416
          ],
          [
            74.6325255,
            31.4778741
          ],
          [
            74.6326547,
            31.4778638
          ],
          [
            74.6328416,
            31.4780606
          ],
          [
            74.6340543,
            31.4777138
          ],
          [
            74.6345742,
            31.4776159
          ],
          [
            74.6346956,
            31.4778927
          ],
          [
            74.6354564,
            31.4777582
          ],
          [
            74.6363261,
            31.4776715
          ],
          [
            74.6362652,
            31.4773282
          ],
          [
            74.6360671,
            31.4770333
          ],
          [
            74.6366686,
            31.476661
          ],
          [
            74.6364646,
            31.4763169
          ],
          [
            74.6369549,
            31.4760462
          ],
          [
            74.6368584,
            31.4759034
          ],
          [
            74.6372132,
            31.4754335
          ],
          [
            74.6374652,
            31.4749819
          ],
          [
            74.6379834,
            31.4742386
          ],
          [
            74.6381715,
            31.4737573
          ],
          [
            74.6384146,
            31.4730321
          ],
          [
            74.6384735,
            31.4728229
          ],
          [
            74.6386469,
            31.4725342
          ],
          [
            74.6394188,
            31.4721281
          ],
          [
            74.639646,
            31.4719548
          ],
          [
            74.6399649,
            31.4717365
          ],
          [
            74.6401918,
            31.4715739
          ],
          [
            74.6409328,
            31.4710159
          ],
          [
            74.6415915,
            31.4704576
          ],
          [
            74.6421087,
            31.4700679
          ],
          [
            74.6428227,
            31.469697
          ],
          [
            74.6434916,
            31.4692484
          ],
          [
            74.643505,
            31.46909
          ],
          [
            74.6441494,
            31.4689801
          ],
          [
            74.6441935,
            31.4688301
          ],
          [
            74.6450431,
            31.4681427
          ],
          [
            74.6454626,
            31.4676311
          ],
          [
            74.6458591,
            31.4670184
          ],
          [
            74.6462345,
            31.4668219
          ],
          [
            74.6468488,
            31.4662
          ],
          [
            74.6473001,
            31.466011
          ],
          [
            74.6477739,
            31.4654882
          ],
          [
            74.648027,
            31.464988
          ],
          [
            74.6482697,
            31.4643165
          ],
          [
            74.648525,
            31.4636533
          ],
          [
            74.6491731,
            31.4627176
          ],
          [
            74.6494329,
            31.4622615
          ],
          [
            74.6494886,
            31.4620226
          ],
          [
            74.6497375,
            31.4614086
          ],
          [
            74.6498496,
            31.4610027
          ],
          [
            74.6502306,
            31.4603643
          ],
          [
            74.6503901,
            31.459966
          ],
          [
            74.6510915,
            31.4590664
          ],
          [
            74.6515712,
            31.4583793
          ],
          [
            74.6522362,
            31.4572079
          ],
          [
            74.652518,
            31.4564817
          ],
          [
            74.6527917,
            31.456106
          ],
          [
            74.6532569,
            31.4552225
          ],
          [
            74.6532183,
            31.4549284
          ],
          [
            74.6532163,
            31.4544026
          ],
          [
            74.6529341,
            31.4544402
          ],
          [
            74.6526962,
            31.4538321
          ],
          [
            74.6520977,
            31.4530179
          ],
          [
            74.6513093,
            31.4518975
          ],
          [
            74.6502313,
            31.4519977
          ],
          [
            74.6492501,
            31.4518336
          ],
          [
            74.6486675,
            31.4517873
          ],
          [
            74.647739,
            31.4516917
          ],
          [
            74.6474038,
            31.4516295
          ],
          [
            74.6468238,
            31.4514793
          ],
          [
            74.6457427,
            31.4510381
          ],
          [
            74.6450439,
            31.4509254
          ],
          [
            74.6447363,
            31.4508469
          ],
          [
            74.644236,
            31.4506707
          ],
          [
            74.6437965,
            31.4504507
          ],
          [
            74.6428676,
            31.4499319
          ],
          [
            74.6414483,
            31.4489859
          ],
          [
            74.6406573,
            31.4483731
          ],
          [
            74.6402434,
            31.4480188
          ],
          [
            74.6398285,
            31.4474799
          ],
          [
            74.6395313,
            31.4468406
          ],
          [
            74.6392957,
            31.4463985
          ],
          [
            74.6390911,
            31.4459277
          ],
          [
            74.6387959,
            31.4449827
          ],
          [
            74.638629,
            31.4441692
          ],
          [
            74.6394051,
            31.4419165
          ],
          [
            74.6393963,
            31.4414956
          ],
          [
            74.639468,
            31.4407409
          ],
          [
            74.6395039,
            31.4406287
          ],
          [
            74.6395843,
            31.4405561
          ],
          [
            74.6399907,
            31.440342
          ],
          [
            74.6409818,
            31.4401255
          ],
          [
            74.6412004,
            31.4394272
          ],
          [
            74.6421893,
            31.4391919
          ],
          [
            74.6421789,
            31.4384449
          ],
          [
            74.6421385,
            31.43773
          ],
          [
            74.6430404,
            31.4375246
          ],
          [
            74.6429365,
            31.4366135
          ],
          [
            74.6439087,
            31.4360218
          ],
          [
            74.6443117,
            31.4357164
          ],
          [
            74.6453064,
            31.4352305
          ],
          [
            74.6457255,
            31.4348887
          ],
          [
            74.6459347,
            31.4349167
          ],
          [
            74.6460739,
            31.4338474
          ],
          [
            74.6469092,
            31.4338674
          ],
          [
            74.6471706,
            31.433308
          ],
          [
            74.6475373,
            31.4333369
          ],
          [
            74.6477225,
            31.432356
          ],
          [
            74.648227,
            31.4322234
          ],
          [
            74.6485401,
            31.4318794
          ],
          [
            74.6491928,
            31.4315057
          ],
          [
            74.6495038,
            31.4312659
          ],
          [
            74.650019,
            31.4308759
          ],
          [
            74.6502798,
            31.4306836
          ],
          [
            74.6513286,
            31.4298222
          ],
          [
            74.6520748,
            31.4292178
          ],
          [
            74.6528678,
            31.4284184
          ],
          [
            74.6533466,
            31.4281396
          ],
          [
            74.6540372,
            31.4277802
          ],
          [
            74.6541163,
            31.4277203
          ]
        ]
      },
      "id": "way/711397800"
    },
    {
      "type": "Feature",
      "properties": {
        "@id": "way/711497989",
        "admin_level": "2",
        "border_type": "nation",
        "boundary": "administrative",
        "name": "India - پاکستان",
        "name:ar": "الهند - باكستان",
        "name:arc": "ܗܢܕܘ - ܦܐܩܣܛܐܢ",
        "name:az-Arab": "هیندوستان - پاکیستان",
        "name:azb": "هیندوستان - پاکیستان",
        "name:be": "Індыя - Пакістан",
        "name:bn": "ভারত–পাকিস্তান",
        "name:da": "Indien - Pakistan",
        "name:de": "Indien - Pakistan",
        "name:en": "India - Pakistan",
        "name:es": "India - Pakistán",
        "name:fa": "هند - پاکستان",
        "name:fr": "Inde - Pakistan",
        "name:glk": "هند - پاکستان",
        "name:grc": "Ἰνδία - Πακιστανία",
        "name:hi": "भारत-पाकिस्तान",
        "name:kk": "Үндістан - Пәкістан",
        "name:kk-Arab": "ٴۇندىستان - پاكىستان",
        "name:kn": "ಭಾರತ - ಪಾಕಿಸ್ಥಾನ್",
        "name:ks": "ہِنٛدوستان - پاکِستان",
        "name:lb": "Indien - Pakistan",
        "name:lrc": "هند - پاکستان",
        "name:mzn": "هند - پاکستون",
        "name:pa": "ਭਾਰਤ - ਪਾਕਿਸਤਾਨ",
        "name:pnb": "بھارت - پاکستان",
        "name:ps": "هند - پاکستان",
        "name:sd": "ڀارت - پاڪستان",
        "name:sr": "Индија - Пакистан",
        "name:sv": "Indien - Pakistan",
        "name:syc": "ܗܢܕܘ - ܦܐܩܣܛܐܢ",
        "name:ta": "இந்திய-பாகிஸ்தானிய",
        "name:te": "భారత-పాకిస్తాన్",
        "name:ug": "ھىندىستان - پاكىستان",
        "name:uk": "Індія - Пакистан",
        "name:ur": "بھارت - پاکستان",
        "source": "LSIB 5"
      },
      "geometry": {
        "type": "LineString",
        "coordinates": [
          [
            74.1665202,
            30.6489087
          ],
          [
            74.1669232,
            30.6488268
          ],
          [
            74.1693167,
            30.6486829
          ],
          [
            74.1705717,
            30.6501901
          ],
          [
            74.1708743,
            30.6502808
          ],
          [
            74.1713803,
            30.6506432
          ],
          [
            74.1723564,
            30.6519213
          ],
          [
            74.17336,
            30.6524649
          ],
          [
            74.1745731,
            30.6534707
          ],
          [
            74.1761039,
            30.6543919
          ],
          [
            74.1773274,
            30.6551169
          ],
          [
            74.1778804,
            30.6561529
          ],
          [
            74.1789803,
            30.6581607
          ],
          [
            74.1809125,
            30.660689
          ],
          [
            74.1811627,
            30.6610393
          ],
          [
            74.1813809,
            30.661228
          ],
          [
            74.1816618,
            30.6613691
          ],
          [
            74.1828945,
            30.6617746
          ],
          [
            74.1858998,
            30.6628559
          ],
          [
            74.1872771,
            30.663333
          ],
          [
            74.1876118,
            30.6635144
          ],
          [
            74.1889773,
            30.6639717
          ],
          [
            74.1904148,
            30.6644359
          ],
          [
            74.1913704,
            30.6647006
          ],
          [
            74.1933857,
            30.6651251
          ],
          [
            74.195389,
            30.6668213
          ],
          [
            74.1968716,
            30.6680714
          ],
          [
            74.1975643,
            30.6688657
          ],
          [
            74.1978813,
            30.6696637
          ],
          [
            74.1978604,
            30.670295
          ],
          [
            74.1979627,
            30.6706016
          ],
          [
            74.1980713,
            30.6708046
          ],
          [
            74.1988322,
            30.6714148
          ],
          [
            74.1999089,
            30.672097
          ],
          [
            74.2013509,
            30.6732866
          ],
          [
            74.2021145,
            30.673968
          ],
          [
            74.2029353,
            30.6746568
          ],
          [
            74.2032188,
            30.6750214
          ],
          [
            74.2052634,
            30.6759343
          ],
          [
            74.2054796,
            30.6761163
          ],
          [
            74.2066665,
            30.6777946
          ],
          [
            74.2072006,
            30.6784394
          ],
          [
            74.2091231,
            30.6812397
          ],
          [
            74.2089558,
            30.682415
          ],
          [
            74.2102499,
            30.6847816
          ],
          [
            74.2119533,
            30.6877712
          ],
          [
            74.2131649,
            30.6887297
          ]
        ]
      },
      "id": "way/711497989"
    },
    {
      "type": "Feature",
      "properties": {
        "@id": "way/711934898",
        "admin_level": "2",
        "border_type": "nation",
        "boundary": "administrative",
        "name": "India - پاکستان",
        "name:ar": "الهند - باكستان",
        "name:arc": "ܗܢܕܘ - ܦܐܩܣܛܐܢ",
        "name:az-Arab": "هیندوستان - پاکیستان",
        "name:azb": "هیندوستان - پاکیستان",
        "name:be": "Індыя - Пакістан",
        "name:bn": "ভারত–পাকিস্তান",
        "name:da": "Indien - Pakistan",
        "name:de": "Indien - Pakistan",
        "name:en": "India - Pakistan",
        "name:es": "India - Pakistán",
        "name:fa": "هند - پاکستان",
        "name:fr": "Inde - Pakistan",
        "name:glk": "هند - پاکستان",
        "name:grc": "Ἰνδία - Πακιστανία",
        "name:hi": "भारत-पाकिस्तान",
        "name:kk": "Үндістан - Пәкістан",
        "name:kk-Arab": "ٴۇندىستان - پاكىستان",
        "name:kn": "ಭಾರತ - ಪಾಕಿಸ್ಥಾನ್",
        "name:ks": "ہِنٛدوستان - پاکِستان",
        "name:lb": "Indien - Pakistan",
        "name:lrc": "هند - پاکستان",
        "name:mzn": "هند - پاکستون",
        "name:pa": "ਭਾਰਤ - ਪਾਕਿਸਤਾਨ",
        "name:pnb": "بھارت - پاکستان",
        "name:ps": "هند - پاکستان",
        "name:sd": "ڀارت - پاڪستان",
        "name:sr": "Индија - Пакистан",
        "name:sv": "Indien - Pakistan",
        "name:syc": "ܗܢܕܘ - ܦܐܩܣܛܐܢ",
        "name:ta": "இந்திய-பாகிஸ்தானிய",
        "name:te": "భారత-పాకిస్తాన్",
        "name:ug": "ھىندىستان - پاكىستان",
        "name:uk": "Індія - Пакистан",
        "name:ur": "بھارت - پاکستان",
        "source": "LSIB 5"
      },
      "geometry": {
        "type": "LineString",
        "coordinates": [
          [
            74.5455699,
            30.9920559
          ],
          [
            74.5457125,
            30.9921141
          ],
          [
            74.5457876,
            30.9943214
          ],
          [
            74.5451438,
            30.995002
          ],
          [
            74.5438135,
            30.9949928
          ],
          [
            74.5430946,
            30.9966206
          ],
          [
            74.5438456,
            30.9978254
          ],
          [
            74.5440924,
            30.9979174
          ],
          [
            74.5432556,
            30.9992325
          ],
          [
            74.5430195,
            30.9997659
          ],
          [
            74.5422149,
            31.0007223
          ],
          [
            74.5419544,
            31.0012085
          ],
          [
            74.5417722,
            31.0017953
          ],
          [
            74.5413433,
            31.0044444
          ],
          [
            74.5412819,
            31.0047631
          ],
          [
            74.5409465,
            31.0062563
          ],
          [
            74.539715,
            31.0087688
          ],
          [
            74.5416355,
            31.0142492
          ],
          [
            74.5420217,
            31.0158307
          ],
          [
            74.5425367,
            31.0173203
          ],
          [
            74.5463562,
            31.0274523
          ],
          [
            74.5477617,
            31.0322421
          ],
          [
            74.5490169,
            31.0330879
          ],
          [
            74.5578682,
            31.0383831
          ],
          [
            74.5580506,
            31.0378866
          ],
          [
            74.5582545,
            31.0378315
          ],
          [
            74.5588982,
            31.0373627
          ],
          [
            74.5591771,
            31.0387048
          ],
          [
            74.5598853,
            31.0432183
          ],
          [
            74.5602071,
            31.0438342
          ],
          [
            74.5605612,
            31.0444776
          ],
          [
            74.5607972,
            31.0448177
          ],
          [
            74.5610869,
            31.045884
          ],
          [
            74.5614946,
            31.0487794
          ],
          [
            74.5626104,
            31.049524
          ],
          [
            74.5635652,
            31.0501214
          ],
          [
            74.5668697,
            31.0530075
          ],
          [
            74.5691539,
            31.0588763
          ],
          [
            74.5741492,
            31.0588795
          ],
          [
            74.5760582,
            31.0581896
          ],
          [
            74.5769937,
            31.057731
          ],
          [
            74.5806563,
            31.0568219
          ],
          [
            74.5809606,
            31.0564028
          ],
          [
            74.5812187,
            31.055988
          ],
          [
            74.5904731,
            31.0500295
          ],
          [
            74.5929408,
            31.0456082
          ],
          [
            74.5939386,
            31.0441099
          ],
          [
            74.596256,
            31.0421428
          ],
          [
            74.5959127,
            31.0416832
          ],
          [
            74.5961058,
            31.0400285
          ],
          [
            74.5969856,
            31.0376201
          ],
          [
            74.6030259,
            31.0404882
          ],
          [
            74.6081114,
            31.0426943
          ],
          [
            74.6099138,
            31.043632
          ],
          [
            74.6124244,
            31.0444592
          ],
          [
            74.6133899,
            31.0448269
          ],
          [
            74.6148491,
            31.0447166
          ],
          [
            74.618411,
            31.0439445
          ],
          [
            74.6236682,
            31.0449556
          ],
          [
            74.6327448,
            31.0469779
          ],
          [
            74.6350412,
            31.0475681
          ]
        ]
      },
      "id": "way/711934898"
    },
    {
      "type": "Feature",
      "properties": {
        "@id": "way/711934903",
        "admin_level": "2",
        "border_type": "nation",
        "boundary": "administrative",
        "name": "India - Pakistan",
        "name:ar": "الهند - باكستان",
        "name:arc": "ܗܢܕܘ - ܦܐܩܣܛܐܢ",
        "name:az-Arab": "هیندوستان - پاکیستان",
        "name:azb": "هیندوستان - پاکیستان",
        "name:be": "Індыя - Пакістан",
        "name:bn": "ভারত–পাকিস্তান",
        "name:da": "Indien - Pakistan",
        "name:de": "Indien - Pakistan",
        "name:en": "India - Pakistan",
        "name:es": "India - Pakistán",
        "name:fa": "هند - پاکستان",
        "name:fr": "Inde - Pakistan",
        "name:glk": "هند - پاکستان",
        "name:grc": "Ἰνδία - Πακιστανία",
        "name:hi": "भारत-पाकिस्तान",
        "name:kk": "Үндістан - Пәкістан",
        "name:kk-Arab": "ٴۇندىستان - پاكىستان",
        "name:kn": "ಭಾರತ - ಪಾಕಿಸ್ಥಾನ್",
        "name:ks": "ہِنٛدوستان - پاکِستان",
        "name:lb": "Indien - Pakistan",
        "name:lrc": "هند - پاکستان",
        "name:mzn": "هند - پاکستون",
        "name:pa": "ਭਾਰਤ - ਪਾਕਿਸਤਾਨ",
        "name:pnb": "بھارت - پاکستان",
        "name:ps": "هند - پاکستان",
        "name:sd": "ڀارت - پاڪستان",
        "name:sr": "Индија - Пакистан",
        "name:sv": "Indien - Pakistan",
        "name:syc": "ܗܢܕܘ - ܦܐܩܣܛܐܢ",
        "name:ta": "இந்தியா - பாகிஸ்தான்",
        "name:te": "భారత-పాకిస్తాన్",
        "name:ug": "ھىندىستان - پاكىستان",
        "name:uk": "Індія - Пакистан",
        "name:ur": "بھارت - پاکستان",
        "source": "LSIB 5"
      },
      "geometry": {
        "type": "LineString",
        "coordinates": [
          [
            74.2325823,
            30.7245057
          ],
          [
            74.2422742,
            30.7232347
          ],
          [
            74.2430896,
            30.7230364
          ],
          [
            74.2437333,
            30.7230503
          ],
          [
            74.2452353,
            30.7228566
          ],
          [
            74.2453587,
            30.7243646
          ],
          [
            74.2418235,
            30.7259048
          ],
          [
            74.2435402,
            30.7259186
          ],
          [
            74.2446238,
            30.7256742
          ],
          [
            74.2465872,
            30.7258955
          ],
          [
            74.2474723,
            30.7259002
          ],
          [
            74.2484486,
            30.7258817
          ],
          [
            74.2501116,
            30.7254067
          ],
          [
            74.2512381,
            30.7250885
          ],
          [
            74.2520964,
            30.7246136
          ],
          [
            74.2530405,
            30.72424
          ],
          [
            74.2554545,
            30.7238112
          ],
          [
            74.2563933,
            30.7235991
          ],
          [
            74.2595744,
            30.7230411
          ],
          [
            74.2601108,
            30.7229857
          ],
          [
            74.2609799,
            30.7230687
          ],
          [
            74.2613125,
            30.723184
          ],
          [
            74.2621279,
            30.7235114
          ],
          [
            74.2624444,
            30.7237558
          ],
          [
            74.2642629,
            30.7243184
          ],
          [
            74.2654377,
            30.7248949
          ],
          [
            74.2666823,
            30.7260938
          ],
          [
            74.2669129,
            30.7261215
          ],
          [
            74.2676157,
            30.7273527
          ],
          [
            74.2680073,
            30.7288145
          ],
          [
            74.2690694,
            30.730267
          ],
          [
            74.2684042,
            30.7343432
          ],
          [
            74.2692465,
            30.7342879
          ],
          [
            74.2713225,
            30.7321622
          ],
          [
            74.2731678,
            30.7338498
          ],
          [
            74.2736399,
            30.7340158
          ],
          [
            74.273994,
            30.734689
          ],
          [
            74.2741763,
            30.7348827
          ],
          [
            74.2746055,
            30.7356204
          ],
          [
            74.2748523,
            30.737225
          ],
          [
            74.2765903,
            30.7352608
          ],
          [
            74.279412,
            30.7328907
          ],
          [
            74.2814934,
            30.7308526
          ],
          [
            74.2827058,
            30.7320054
          ],
          [
            74.2865145,
            30.7355282
          ],
          [
            74.281826,
            30.7395304
          ],
          [
            74.2781353,
            30.7415591
          ],
          [
            74.2770302,
            30.742389
          ],
          [
            74.2760968,
            30.7428132
          ],
          [
            74.2749917,
            30.7435877
          ],
          [
            74.2743802,
            30.744141
          ],
          [
            74.2743802,
            30.7448326
          ],
          [
            74.2742944,
            30.7452567
          ],
          [
            74.2746591,
            30.7458284
          ],
          [
            74.273951,
            30.7479676
          ],
          [
            74.273994,
            30.7491387
          ],
          [
            74.2736399,
            30.7533155
          ],
          [
            74.2729425,
            30.7544311
          ],
          [
            74.2725027,
            30.7544311
          ],
          [
            74.2717624,
            30.7561275
          ],
          [
            74.2714083,
            30.7565517
          ],
          [
            74.2687583,
            30.7596587
          ],
          [
            74.2666018,
            30.7628301
          ],
          [
            74.2649495,
            30.7652455
          ],
          [
            74.2637801,
            30.7665362
          ],
          [
            74.260776,
            30.7697904
          ],
          [
            74.2599928,
            30.772224
          ],
          [
            74.2611301,
            30.7746484
          ],
          [
            74.2635655,
            30.7765381
          ],
          [
            74.2646813,
            30.7770359
          ],
          [
            74.2673635,
            30.7767962
          ],
          [
            74.2681145,
            30.7762616
          ],
          [
            74.273833,
            30.773533
          ],
          [
            74.2743748,
            30.773427
          ],
          [
            74.2752975,
            30.773828
          ],
          [
            74.277277,
            30.7742981
          ],
          [
            74.2783284,
            30.7741184
          ],
          [
            74.2802328,
            30.7739709
          ],
          [
            74.2834568,
            30.7743857
          ],
          [
            74.2866862,
            30.7758468
          ],
          [
            74.2889178,
            30.7750264
          ],
          [
            74.2894328,
            30.7749895
          ],
          [
            74.289819,
            30.775054
          ],
          [
            74.2926064,
            30.776217
          ]
        ]
      },
      "id": "way/711934903"
    },
    {
      "type": "Feature",
      "properties": {
        "@id": "way/754632587",
        "admin_level": "2",
        "border_type": "nation",
        "boundary": "administrative",
        "name": "India - پاکستان",
        "name:ar": "الهند - باكستان",
        "name:arc": "ܗܢܕܘ - ܦܐܩܣܛܐܢ",
        "name:az-Arab": "هیندوستان - پاکیستان",
        "name:azb": "هیندوستان - پاکیستان",
        "name:be": "Індыя - Пакістан",
        "name:bn": "ভারত–পাকিস্তান",
        "name:da": "Indien - Pakistan",
        "name:de": "Indien - Pakistan",
        "name:en": "India - Pakistan",
        "name:es": "India - Pakistán",
        "name:fa": "هند - پاکستان",
        "name:fr": "Inde - Pakistan",
        "name:glk": "هند - پاکستان",
        "name:grc": "Ἰνδία - Πακιστανία",
        "name:hi": "भारत-पाकिस्तान",
        "name:kk": "Үндістан - Пәкістан",
        "name:kk-Arab": "ٴۇندىستان - پاكىستان",
        "name:kn": "ಭಾರತ - ಪಾಕಿಸ್ಥಾನ್",
        "name:ks": "ہِنٛدوستان - پاکِستان",
        "name:lb": "Indien - Pakistan",
        "name:lrc": "هند - پاکستان",
        "name:mzn": "هند - پاکستون",
        "name:pa": "ਭਾਰਤ - ਪਾਕਿਸਤਾਨ",
        "name:pnb": "بھارت - پاکستان",
        "name:ps": "هند - پاکستان",
        "name:sd": "ڀارت - پاڪستان",
        "name:sr": "Индија - Пакистан",
        "name:sv": "Indien - Pakistan",
        "name:syc": "ܗܢܕܘ - ܦܐܩܣܛܐܢ",
        "name:ta": "இந்திய-பாகிஸ்தானிய",
        "name:te": "భారత-పాకిస్తాన్",
        "name:ug": "ھىندىستان - پاكىستان",
        "name:uk": "Індія - Пакистан",
        "name:ur": "بھارت - پاکستان",
        "source": "LSIB 5"
      },
      "geometry": {
        "type": "LineString",
        "coordinates": [
          [
            75.1036293,
            32.0587518
          ],
          [
            75.1030618,
            32.0588456
          ],
          [
            75.1017827,
            32.0593537
          ],
          [
            75.0998702,
            32.0623281
          ],
          [
            75.0993005,
            32.0631176
          ],
          [
            75.0983866,
            32.0645606
          ],
          [
            75.0981858,
            32.0649381
          ],
          [
            75.0977224,
            32.0663512
          ],
          [
            75.0957126,
            32.0684575
          ],
          [
            75.0920895,
            32.071281
          ],
          [
            75.0910956,
            32.0718159
          ],
          [
            75.0909477,
            32.0710526
          ],
          [
            75.0902012,
            32.0693403
          ],
          [
            75.0902537,
            32.0691562
          ],
          [
            75.0904209,
            32.0689562
          ],
          [
            75.090043,
            32.0688165
          ],
          [
            75.090847,
            32.0677455
          ],
          [
            75.0915072,
            32.0658791
          ]
        ]
      },
      "id": "way/754632587"
    },
    {
      "type": "Feature",
      "properties": {
        "@id": "way/754831831",
        "admin_level": "2",
        "border_type": "nation",
        "boundary": "administrative",
        "name": "India - پاکستان",
        "name:ar": "الهند - باكستان",
        "name:arc": "ܗܢܕܘ - ܦܐܩܣܛܐܢ",
        "name:az-Arab": "هیندوستان - پاکیستان",
        "name:azb": "هیندوستان - پاکیستان",
        "name:be": "Індыя - Пакістан",
        "name:bn": "ভারত–পাকিস্তান",
        "name:da": "Indien - Pakistan",
        "name:de": "Indien - Pakistan",
        "name:en": "India - Pakistan",
        "name:es": "India - Pakistán",
        "name:fa": "هند - پاکستان",
        "name:fr": "Inde - Pakistan",
        "name:glk": "هند - پاکستان",
        "name:grc": "Ἰνδία - Πακιστανία",
        "name:hi": "भारत-पाकिस्तान",
        "name:kk": "Үндістан - Пәкістан",
        "name:kk-Arab": "ٴۇندىستان - پاكىستان",
        "name:kn": "ಭಾರತ - ಪಾಕಿಸ್ಥಾನ್",
        "name:ks": "ہِنٛدوستان - پاکِستان",
        "name:lb": "Indien - Pakistan",
        "name:lrc": "هند - پاکستان",
        "name:mzn": "هند - پاکستون",
        "name:pa": "ਭਾਰਤ - ਪਾਕਿਸਤਾਨ",
        "name:pnb": "بھارت - پاکستان",
        "name:ps": "هند - پاکستان",
        "name:sd": "ڀارت - پاڪستان",
        "name:sr": "Индија - Пакистан",
        "name:sv": "Indien - Pakistan",
        "name:syc": "ܗܢܕܘ - ܦܐܩܣܛܐܢ",
        "name:ta": "இந்திய-பாகிஸ்தானிய",
        "name:te": "భారత-పాకిస్తాన్",
        "name:ug": "ھىندىستان - پاكىستان",
        "name:uk": "Індія - Пакистан",
        "name:ur": "بھارت - پاکستان",
        "source": "LSIB 5"
      },
      "geometry": {
        "type": "LineString",
        "coordinates": [
          [
            74.6961797,
            31.073775
          ],
          [
            74.6909594,
            31.0806877
          ],
          [
            74.6907449,
            31.0814044
          ],
          [
            74.6932554,
            31.0825989
          ],
          [
            74.6951437,
            31.083628
          ],
          [
            74.6958303,
            31.0841425
          ],
          [
            74.6972465,
            31.0846203
          ],
          [
            74.7014308,
            31.0904639
          ],
          [
            74.7024178,
            31.0917134
          ],
          [
            74.7021174,
            31.0929078
          ],
          [
            74.7013879,
            31.0971523
          ],
          [
            74.6999073,
            31.0996511
          ],
          [
            74.6990919,
            31.0998348
          ],
          [
            74.6989417,
            31.1013966
          ],
          [
            74.697268,
            31.1025173
          ],
          [
            74.6980619,
            31.1032706
          ],
          [
            74.6982336,
            31.1078637
          ],
          [
            74.6985769,
            31.1086721
          ],
          [
            74.6982336,
            31.1123831
          ],
          [
            74.6919679,
            31.1178575
          ],
          [
            74.6898651,
            31.1182984
          ],
          [
            74.6899509,
            31.1197129
          ],
          [
            74.6900153,
            31.1245256
          ],
          [
            74.6894789,
            31.1267482
          ],
          [
            74.6890926,
            31.1279422
          ]
        ]
      },
      "id": "way/754831831"
    },
    {
      "type": "Feature",
      "properties": {
        "@id": "way/902751653",
        "admin_level": "2",
        "border_type": "nation",
        "boundary": "administrative",
        "name": "India - پاکستان",
        "name:ar": "الهند - باكستان",
        "name:arc": "ܗܢܕܘ - ܦܐܩܣܛܐܢ",
        "name:az-Arab": "هیندوستان - پاکیستان",
        "name:azb": "هیندوستان - پاکیستان",
        "name:be": "Індыя - Пакістан",
        "name:bn": "ভারত–পাকিস্তান",
        "name:da": "Indien - Pakistan",
        "name:de": "Indien - Pakistan",
        "name:en": "India - Pakistan",
        "name:es": "India - Pakistán",
        "name:fa": "هند - پاکستان",
        "name:fr": "Inde - Pakistan",
        "name:glk": "هند - پاکستان",
        "name:grc": "Ἰνδία - Πακιστανία",
        "name:hi": "भारत-पाकिस्तान",
        "name:kk": "Үндістан - Пәкістан",
        "name:kk-Arab": "ٴۇندىستان - پاكىستان",
        "name:kn": "ಭಾರತ - ಪಾಕಿಸ್ಥಾನ್",
        "name:ks": "ہِنٛدوستان - پاکِستان",
        "name:lb": "Indien - Pakistan",
        "name:lrc": "هند - پاکستان",
        "name:mzn": "هند - پاکستون",
        "name:pa": "ਭਾਰਤ - ਪਾਕਿਸਤਾਨ",
        "name:pnb": "بھارت - پاکستان",
        "name:ps": "هند - پاکستان",
        "name:sd": "ڀارت - پاڪستان",
        "name:sr": "Индија - Пакистан",
        "name:sv": "Indien - Pakistan",
        "name:syc": "ܗܢܕܘ - ܦܐܩܣܛܐܢ",
        "name:ta": "இந்திய-பாகிஸ்தானிய",
        "name:te": "భారత-పాకిస్తాన్",
        "name:ug": "ھىندىستان - پاكىستان",
        "name:uk": "Індія - Пакистан",
        "name:ur": "بھارت - پاکستان",
        "source": "LSIB 5"
      },
      "geometry": {
        "type": "LineString",
        "coordinates": [
          [
            75.0915072,
            32.0658791
          ],
          [
            75.08783,
            32.0630628
          ],
          [
            75.0857837,
            32.0617637
          ],
          [
            75.0839897,
            32.0600447
          ],
          [
            75.0833432,
            32.0601117
          ],
          [
            75.08218,
            32.0599417
          ],
          [
            75.080301,
            32.0598712
          ],
          [
            75.0773335,
            32.0594419
          ],
          [
            75.0762016,
            32.0591599
          ],
          [
            75.0752555,
            32.0589915
          ],
          [
            75.0747718,
            32.0591129
          ],
          [
            75.073875,
            32.0594652
          ],
          [
            75.0730316,
            32.0597368
          ],
          [
            75.0720221,
            32.0609996
          ],
          [
            75.0705111,
            32.0621322
          ],
          [
            75.0699261,
            32.0630983
          ],
          [
            75.0689929,
            32.0635777
          ],
          [
            75.0699267,
            32.0646063
          ],
          [
            75.0701473,
            32.0648085
          ],
          [
            75.0704733,
            32.0650159
          ],
          [
            75.0714852,
            32.0654908
          ],
          [
            75.0703381,
            32.0670822
          ],
          [
            75.0689609,
            32.0668048
          ],
          [
            75.0687101,
            32.0671757
          ],
          [
            75.0675706,
            32.066459
          ],
          [
            75.0641269,
            32.0655774
          ],
          [
            75.0653794,
            32.0649322
          ],
          [
            75.0655994,
            32.0647374
          ],
          [
            75.0651398,
            32.0643277
          ],
          [
            75.0666548,
            32.0633875
          ],
          [
            75.0676902,
            32.0627214
          ],
          [
            75.0680776,
            32.0624081
          ],
          [
            75.0668473,
            32.061392
          ],
          [
            75.0662789,
            32.0608431
          ],
          [
            75.0650868,
            32.0595974
          ],
          [
            75.0651817,
            32.0586167
          ],
          [
            75.0647194,
            32.0581656
          ],
          [
            75.064452,
            32.0576874
          ],
          [
            75.0636019,
            32.0567678
          ],
          [
            75.0627601,
            32.0558983
          ],
          [
            75.0620335,
            32.0553206
          ],
          [
            75.0611091,
            32.0548471
          ],
          [
            75.0606126,
            32.0547108
          ],
          [
            75.0600971,
            32.0542223
          ],
          [
            75.0595432,
            32.053667
          ],
          [
            75.0587543,
            32.0527949
          ],
          [
            75.0584785,
            32.0529424
          ],
          [
            75.0577,
            32.053064
          ],
          [
            75.0562022,
            32.0535478
          ],
          [
            75.0536807,
            32.0543499
          ],
          [
            75.0529361,
            32.0540053
          ],
          [
            75.0519758,
            32.0534118
          ],
          [
            75.0506247,
            32.0526745
          ],
          [
            75.0511293,
            32.0520666
          ],
          [
            75.051634,
            32.0515882
          ],
          [
            75.0519628,
            32.0514186
          ],
          [
            75.0517941,
            32.0511631
          ],
          [
            75.0512375,
            32.0507054
          ],
          [
            75.0506743,
            32.050212
          ],
          [
            75.0493768,
            32.0492337
          ],
          [
            75.0472435,
            32.0477004
          ],
          [
            75.0462558,
            32.0470007
          ],
          [
            75.0455305,
            32.046334
          ],
          [
            75.0440251,
            32.0454859
          ],
          [
            75.0431354,
            32.0448624
          ],
          [
            75.0422533,
            32.0439767
          ],
          [
            75.0423081,
            32.0439269
          ],
          [
            75.0415202,
            32.0431872
          ],
          [
            75.040731,
            32.0425986
          ],
          [
            75.0389868,
            32.0429055
          ],
          [
            75.0384495,
            32.0433485
          ],
          [
            75.0375505,
            32.044011
          ],
          [
            75.0368664,
            32.0443732
          ],
          [
            75.0354672,
            32.0464735
          ],
          [
            75.0352,
            32.0476932
          ],
          [
            75.0346834,
            32.0482676
          ],
          [
            75.0344924,
            32.0485921
          ],
          [
            75.0339397,
            32.0492323
          ],
          [
            75.0343846,
            32.049438
          ],
          [
            75.0340749,
            32.0500693
          ],
          [
            75.0339733,
            32.0506816
          ],
          [
            75.0332824,
            32.0507162
          ],
          [
            75.0325297,
            32.051107
          ],
          [
            75.0319081,
            32.0508534
          ],
          [
            75.0314143,
            32.0505036
          ],
          [
            75.0304196,
            32.0500767
          ],
          [
            75.0298594,
            32.0497296
          ],
          [
            75.0297536,
            32.049703
          ],
          [
            75.0292086,
            32.0495658
          ],
          [
            75.0275667,
            32.0489348
          ],
          [
            75.0264507,
            32.0486521
          ],
          [
            75.025933,
            32.0485173
          ],
          [
            75.0258722,
            32.0485008
          ]
        ]
      },
      "id": "way/902751653"
    },
    {
      "type": "Feature",
      "properties": {
        "@id": "way/1015354549",
        "admin_level": "2",
        "border_type": "nation",
        "boundary": "administrative",
        "name": "India - پاکستان",
        "name:ar": "الهند - باكستان",
        "name:arc": "ܗܢܕܘ - ܦܐܩܣܛܐܢ",
        "name:az-Arab": "هیندوستان - پاکیستان",
        "name:azb": "هیندوستان - پاکیستان",
        "name:be": "Індыя - Пакістан",
        "name:bn": "ভারত–পাকিস্তান",
        "name:da": "Indien - Pakistan",
        "name:de": "Indien - Pakistan",
        "name:en": "India - Pakistan",
        "name:es": "India - Pakistán",
        "name:fa": "هند - پاکستان",
        "name:fr": "Inde - Pakistan",
        "name:glk": "هند - پاکستان",
        "name:grc": "Ἰνδία - Πακιστανία",
        "name:hi": "भारत-पाकिस्तान",
        "name:kk": "Үндістан - Пәкістан",
        "name:kk-Arab": "ٴۇندىستان - پاكىستان",
        "name:kn": "ಭಾರತ - ಪಾಕಿಸ್ಥಾನ್",
        "name:ks": "ہِنٛدوستان - پاکِستان",
        "name:lb": "Indien - Pakistan",
        "name:lrc": "هند - پاکستان",
        "name:mzn": "هند - پاکستون",
        "name:pa": "ਭਾਰਤ - ਪਾਕਿਸਤਾਨ",
        "name:pnb": "بھارت - پاکستان",
        "name:ps": "هند - پاکستان",
        "name:sd": "ڀارت - پاڪستان",
        "name:sr": "Индија - Пакистан",
        "name:sv": "Indien - Pakistan",
        "name:syc": "ܗܢܕܘ - ܦܐܩܣܛܐܢ",
        "name:ta": "இந்திய-பாகிஸ்தானிய",
        "name:te": "భారత-పాకిస్తాన్",
        "name:ug": "ھىندىستان - پاكىستان",
        "name:uk": "Індія - Пакистан",
        "name:ur": "بھارت - پاکستان",
        "source": "LSIB 5"
      },
      "geometry": {
        "type": "LineString",
        "coordinates": [
          [
            74.8980176,
            32.0517828
          ],
          [
            74.8977472,
            32.0518287
          ],
          [
            74.8955569,
            32.0533095
          ],
          [
            74.8951842,
            32.0535007
          ],
          [
            74.8942716,
            32.0541879
          ],
          [
            74.8935947,
            32.0544741
          ],
          [
            74.8929587,
            32.0546814
          ],
          [
            74.8923366,
            32.0547901
          ],
          [
            74.8914527,
            32.0549903
          ],
          [
            74.891385,
            32.0546829
          ],
          [
            74.8904185,
            32.0549046
          ],
          [
            74.8897933,
            32.0551137
          ],
          [
            74.8889435,
            32.0539573
          ],
          [
            74.8887961,
            32.0536144
          ],
          [
            74.8885704,
            32.0526276
          ],
          [
            74.8876079,
            32.0527356
          ],
          [
            74.8861564,
            32.0528106
          ],
          [
            74.8844039,
            32.0530382
          ],
          [
            74.8834558,
            32.052939
          ],
          [
            74.8820096,
            32.0530387
          ],
          [
            74.8803826,
            32.0534497
          ],
          [
            74.8794267,
            32.0537513
          ],
          [
            74.8788233,
            32.0530055
          ],
          [
            74.8779391,
            32.0521042
          ],
          [
            74.8774298,
            32.0517032
          ],
          [
            74.8767288,
            32.0512708
          ],
          [
            74.8754099,
            32.0507552
          ],
          [
            74.8748293,
            32.0480754
          ],
          [
            74.8737487,
            32.0461027
          ]
        ]
      },
      "id": "way/1015354549"
    },
    {
      "type": "Feature",
      "properties": {
        "@id": "way/1015354551",
        "admin_level": "2",
        "border_type": "nation",
        "boundary": "administrative",
        "name": "India - پاکستان",
        "name:ar": "الهند - باكستان",
        "name:arc": "ܗܢܕܘ - ܦܐܩܣܛܐܢ",
        "name:az-Arab": "هیندوستان - پاکیستان",
        "name:azb": "هیندوستان - پاکیستان",
        "name:be": "Індыя - Пакістан",
        "name:bn": "ভারত–পাকিস্তান",
        "name:da": "Indien - Pakistan",
        "name:de": "Indien - Pakistan",
        "name:en": "India - Pakistan",
        "name:es": "India - Pakistán",
        "name:fa": "هند - پاکستان",
        "name:fr": "Inde - Pakistan",
        "name:glk": "هند - پاکستان",
        "name:grc": "Ἰνδία - Πακιστανία",
        "name:hi": "भारत-पाकिस्तान",
        "name:kk": "Үндістан - Пәкістан",
        "name:kk-Arab": "ٴۇندىستان - پاكىستان",
        "name:kn": "ಭಾರತ - ಪಾಕಿಸ್ಥಾನ್",
        "name:ks": "ہِنٛدوستان - پاکِستان",
        "name:lb": "Indien - Pakistan",
        "name:lrc": "هند - پاکستان",
        "name:mzn": "هند - پاکستون",
        "name:pa": "ਭਾਰਤ - ਪਾਕਿਸਤਾਨ",
        "name:pnb": "بھارت - پاکستان",
        "name:ps": "هند - پاکستان",
        "name:sd": "ڀارت - پاڪستان",
        "name:sr": "Индија - Пакистан",
        "name:sv": "Indien - Pakistan",
        "name:syc": "ܗܢܕܘ - ܦܐܩܣܛܐܢ",
        "name:ta": "இந்திய-பாகிஸ்தானிய",
        "name:te": "భారత-పాకిస్తాన్",
        "name:ug": "ھىندىستان - پاكىستان",
        "name:uk": "Індія - Пакистан",
        "name:ur": "بھارت - پاکستان",
        "source": "LSIB 5"
      },
      "geometry": {
        "type": "LineString",
        "coordinates": [
          [
            75.3270159,
            32.2138708
          ],
          [
            75.3256821,
            32.2127117
          ],
          [
            75.3241275,
            32.2110558
          ],
          [
            75.3194705,
            32.208253
          ],
          [
            75.3188594,
            32.2081366
          ],
          [
            75.3162201,
            32.208041
          ],
          [
            75.3174426,
            32.2068088
          ],
          [
            75.3201024,
            32.204147
          ],
          [
            75.31676,
            32.2022784
          ],
          [
            75.3118937,
            32.1994291
          ],
          [
            75.3106797,
            32.1975341
          ],
          [
            75.3102357,
            32.1967322
          ],
          [
            75.3101305,
            32.1959977
          ],
          [
            75.3102678,
            32.1946363
          ],
          [
            75.3107923,
            32.1939568
          ],
          [
            75.3113493,
            32.1928078
          ],
          [
            75.3121668,
            32.1916753
          ],
          [
            75.312651,
            32.19094
          ],
          [
            75.3135983,
            32.1894629
          ],
          [
            75.3183467,
            32.1875301
          ],
          [
            75.3182661,
            32.1867535
          ],
          [
            75.3177054,
            32.1853637
          ],
          [
            75.3170355,
            32.1833165
          ],
          [
            75.3161944,
            32.1809411
          ],
          [
            75.3172857,
            32.1807774
          ],
          [
            75.3197722,
            32.1800336
          ],
          [
            75.3206206,
            32.1797933
          ],
          [
            75.3223126,
            32.1793277
          ],
          [
            75.3182812,
            32.1761293
          ],
          [
            75.3172241,
            32.1751859
          ],
          [
            75.3162185,
            32.1742897
          ],
          [
            75.3159824,
            32.1740583
          ],
          [
            75.3152122,
            32.1733927
          ],
          [
            75.314419,
            32.1728268
          ],
          [
            75.3137654,
            32.1720148
          ],
          [
            75.3122248,
            32.1711957
          ],
          [
            75.3114713,
            32.1717624
          ],
          [
            75.3110561,
            32.1712478
          ],
          [
            75.3108911,
            32.1712508
          ],
          [
            75.310753,
            32.1711537
          ],
          [
            75.3097219,
            32.1703091
          ],
          [
            75.3085681,
            32.1694413
          ],
          [
            75.3079948,
            32.1686061
          ],
          [
            75.3067885,
            32.1690286
          ],
          [
            75.3055676,
            32.1675134
          ],
          [
            75.3054388,
            32.1673751
          ]
        ]
      },
      "id": "way/1015354551"
    },
    {
      "type": "Feature",
      "properties": {
        "@id": "way/1017955062",
        "admin_level": "2",
        "border_type": "nation",
        "boundary": "administrative",
        "name": "India - پاکستان",
        "name:ar": "الهند - باكستان",
        "name:arc": "ܗܢܕܘ - ܦܐܩܣܛܐܢ",
        "name:az-Arab": "هیندوستان - پاکیستان",
        "name:azb": "هیندوستان - پاکیستان",
        "name:be": "Індыя - Пакістан",
        "name:bn": "ভারত–পাকিস্তান",
        "name:da": "Indien - Pakistan",
        "name:de": "Indien - Pakistan",
        "name:en": "India - Pakistan",
        "name:es": "India - Pakistán",
        "name:fa": "هند - پاکستان",
        "name:fr": "Inde - Pakistan",
        "name:glk": "هند - پاکستان",
        "name:grc": "Ἰνδία - Πακιστανία",
        "name:hi": "भारत-पाकिस्तान",
        "name:kk": "Үндістан - Пәкістан",
        "name:kk-Arab": "ٴۇندىستان - پاكىستان",
        "name:kn": "ಭಾರತ - ಪಾಕಿಸ್ಥಾನ್",
        "name:ks": "ہِنٛدوستان - پاکِستان",
        "name:lb": "Indien - Pakistan",
        "name:lrc": "هند - پاکستان",
        "name:mzn": "هند - پاکستون",
        "name:pa": "ਭਾਰਤ - ਪਾਕਿਸਤਾਨ",
        "name:pnb": "بھارت - پاکستان",
        "name:ps": "هند - پاکستان",
        "name:sd": "ڀارت - پاڪستان",
        "name:sr": "Индија - Пакистан",
        "name:sv": "Indien - Pakistan",
        "name:syc": "ܗܢܕܘ - ܦܐܩܣܛܐܢ",
        "name:ta": "இந்திய-பாகிஸ்தானிய",
        "name:te": "భారత-పాకిస్తాన్",
        "name:ug": "ھىندىستان - پاكىستان",
        "name:uk": "Індія - Пакистан",
        "name:ur": "بھارت - پاکستان",
        "source": "LSIB 5"
      },
      "geometry": {
        "type": "LineString",
        "coordinates": [
          [
            74.0189821,
            30.5291397
          ],
          [
            74.0238825,
            30.5260236
          ],
          [
            74.0262503,
            30.5263808
          ],
          [
            74.0280448,
            30.5266042
          ],
          [
            74.0310718,
            30.5268725
          ],
          [
            74.0380489,
            30.5316638
          ],
          [
            74.0389822,
            30.5399078
          ],
          [
            74.0392574,
            30.542547
          ],
          [
            74.0472616,
            30.5398591
          ],
          [
            74.0476607,
            30.5397165
          ],
          [
            74.0483046,
            30.5392692
          ],
          [
            74.0490306,
            30.5383539
          ],
          [
            74.0498566,
            30.53754
          ],
          [
            74.050111,
            30.5371877
          ],
          [
            74.051048,
            30.5352665
          ],
          [
            74.0517254,
            30.5322638
          ],
          [
            74.0517585,
            30.5315374
          ],
          [
            74.051511,
            30.5293357
          ],
          [
            74.0516218,
            30.5273505
          ],
          [
            74.0534925,
            30.5233728
          ],
          [
            74.0557478,
            30.5206865
          ],
          [
            74.057401,
            30.5186495
          ],
          [
            74.0589833,
            30.5184339
          ],
          [
            74.0605607,
            30.5186329
          ],
          [
            74.0620886,
            30.5188678
          ],
          [
            74.0635617,
            30.5191684
          ],
          [
            74.0656061,
            30.5200315
          ],
          [
            74.0671914,
            30.5207322
          ],
          [
            74.0698487,
            30.5223566
          ],
          [
            74.0715487,
            30.5235634
          ],
          [
            74.0723421,
            30.5228881
          ],
          [
            74.074039,
            30.5250971
          ],
          [
            74.0747786,
            30.5260337
          ],
          [
            74.0758962,
            30.5273953
          ],
          [
            74.0766206,
            30.5283121
          ],
          [
            74.0775873,
            30.5294133
          ],
          [
            74.0781891,
            30.5301851
          ],
          [
            74.0784168,
            30.5306257
          ],
          [
            74.0794346,
            30.5317195
          ],
          [
            74.0800066,
            30.5315893
          ],
          [
            74.0812031,
            30.5334409
          ],
          [
            74.0824702,
            30.5359228
          ],
          [
            74.0835051,
            30.5374239
          ],
          [
            74.0840596,
            30.5383657
          ],
          [
            74.0846162,
            30.5392344
          ],
          [
            74.0858302,
            30.5409986
          ],
          [
            74.0875059,
            30.543526
          ],
          [
            74.088226,
            30.5447318
          ],
          [
            74.0890127,
            30.5459475
          ],
          [
            74.0897171,
            30.547281
          ],
          [
            74.0905038,
            30.548626
          ],
          [
            74.0909172,
            30.5493936
          ]
        ]
      },
      "id": "way/1017955062"
    },
    {
      "type": "Feature",
      "properties": {
        "@id": "way/1017955064",
        "admin_level": "2",
        "border_type": "nation",
        "boundary": "administrative",
        "name": "India - پاکستان",
        "name:ar": "الهند - باكستان",
        "name:arc": "ܗܢܕܘ - ܦܐܩܣܛܐܢ",
        "name:az-Arab": "هیندوستان - پاکیستان",
        "name:azb": "هیندوستان - پاکیستان",
        "name:be": "Індыя - Пакістан",
        "name:bn": "ভারত–পাকিস্তান",
        "name:da": "Indien - Pakistan",
        "name:de": "Indien - Pakistan",
        "name:en": "India - Pakistan",
        "name:es": "India - Pakistán",
        "name:fa": "هند - پاکستان",
        "name:fr": "Inde - Pakistan",
        "name:glk": "هند - پاکستان",
        "name:grc": "Ἰνδία - Πακιστανία",
        "name:hi": "भारत-पाकिस्तान",
        "name:kk": "Үндістан - Пәкістан",
        "name:kk-Arab": "ٴۇندىستان - پاكىستان",
        "name:kn": "ಭಾರತ - ಪಾಕಿಸ್ಥಾನ್",
        "name:ks": "ہِنٛدوستان - پاکِستان",
        "name:lb": "Indien - Pakistan",
        "name:lrc": "هند - پاکستان",
        "name:mzn": "هند - پاکستون",
        "name:pa": "ਭਾਰਤ - ਪਾਕਿਸਤਾਨ",
        "name:pnb": "بھارت - پاکستان",
        "name:ps": "هند - پاکستان",
        "name:sd": "ڀارت - پاڪستان",
        "name:sr": "Индија - Пакистан",
        "name:sv": "Indien - Pakistan",
        "name:syc": "ܗܢܕܘ - ܦܐܩܣܛܐܢ",
        "name:ta": "இந்திய-பாகிஸ்தானிய",
        "name:te": "భారత-పాకిస్తాన్",
        "name:ug": "ھىندىستان - پاكىستان",
        "name:uk": "Індія - Пакистан",
        "name:ur": "بھارت - پاکستان",
        "source": "LSIB 5"
      },
      "geometry": {
        "type": "LineString",
        "coordinates": [
          [
            74.2974043,
            30.7770728
          ],
          [
            74.3001723,
            30.7793864
          ],
          [
            74.3018353,
            30.7793495
          ],
          [
            74.3056226,
            30.7864653
          ],
          [
            74.3068027,
            30.789175
          ],
          [
            74.3026078,
            30.7894884
          ],
          [
            74.3011272,
            30.7896543
          ],
          [
            74.299593,
            30.7917372
          ],
          [
            74.298284,
            30.7937556
          ],
          [
            74.2947864,
            30.7944007
          ],
          [
            74.2966532,
            30.7968706
          ],
          [
            74.2966318,
            30.7998566
          ],
          [
            74.2992925,
            30.8046117
          ],
          [
            74.3014008,
            30.8038468
          ],
          [
            74.302066,
            30.8054411
          ],
          [
            74.3022269,
            30.8080028
          ],
          [
            74.3026665,
            30.8084828
          ],
          [
            74.3049359,
            30.8109608
          ],
          [
            74.3060088,
            30.8127484
          ],
          [
            74.3067545,
            30.813679
          ],
          [
            74.3093133,
            30.8176089
          ],
          [
            74.3104184,
            30.8189034
          ],
          [
            74.3108368,
            30.819272
          ],
          [
            74.3131435,
            30.8209396
          ],
          [
            74.3161797,
            30.8234918
          ],
          [
            74.3175745,
            30.824625
          ],
          [
            74.3190873,
            30.8263571
          ],
          [
            74.3197417,
            30.8273153
          ],
          [
            74.3192696,
            30.8294066
          ],
          [
            74.3191624,
            30.8306319
          ],
          [
            74.3192375,
            30.8328337
          ],
          [
            74.3196237,
            30.833801
          ],
          [
            74.3206215,
            30.8362146
          ],
          [
            74.3206,
            30.836491
          ],
          [
            74.320997,
            30.8372188
          ],
          [
            74.3212223,
            30.8373109
          ],
          [
            74.321866,
            30.8382229
          ],
          [
            74.3222415,
            30.8385545
          ],
          [
            74.3212867,
            30.8394941
          ],
          [
            74.3210184,
            30.8397244
          ],
          [
            74.3208361,
            30.8411891
          ],
          [
            74.3201065,
            30.841926
          ],
          [
            74.3201065,
            30.8436762
          ],
          [
            74.3201387,
            30.8447171
          ],
          [
            74.3203533,
            30.8460711
          ],
          [
            74.3204391,
            30.8465501
          ],
          [
            74.327998,
            30.8499935
          ]
        ]
      },
      "id": "way/1017955064"
    },
    {
      "type": "Feature",
      "properties": {
        "@id": "way/1017955066",
        "admin_level": "2",
        "border_type": "nation",
        "boundary": "administrative",
        "name": "India - پاکستان",
        "name:ar": "الهند - باكستان",
        "name:arc": "ܗܢܕܘ - ܦܐܩܣܛܐܢ",
        "name:az-Arab": "هیندوستان - پاکیستان",
        "name:azb": "هیندوستان - پاکیستان",
        "name:be": "Індыя - Пакістан",
        "name:bn": "ভারত–পাকিস্তান",
        "name:da": "Indien - Pakistan",
        "name:de": "Indien - Pakistan",
        "name:en": "India - Pakistan",
        "name:es": "India - Pakistán",
        "name:fa": "هند - پاکستان",
        "name:fr": "Inde - Pakistan",
        "name:glk": "هند - پاکستان",
        "name:grc": "Ἰνδία - Πακιστανία",
        "name:hi": "भारत-पाकिस्तान",
        "name:kk": "Үндістан - Пәкістан",
        "name:kk-Arab": "ٴۇندىستان - پاكىستان",
        "name:kn": "ಭಾರತ - ಪಾಕಿಸ್ಥಾನ್",
        "name:ks": "ہِنٛدوستان - پاکِستان",
        "name:lb": "Indien - Pakistan",
        "name:lrc": "هند - پاکستان",
        "name:mzn": "هند - پاکستون",
        "name:pa": "ਭਾਰਤ - ਪਾਕਿਸਤਾਨ",
        "name:pnb": "بھارت - پاکستان",
        "name:ps": "هند - پاکستان",
        "name:sd": "ڀارت - پاڪستان",
        "name:sr": "Индија - Пакистан",
        "name:sv": "Indien - Pakistan",
        "name:syc": "ܗܢܕܘ - ܦܐܩܣܛܐܢ",
        "name:ta": "இந்திய-பாகிஸ்தானிய",
        "name:te": "భారత-పాకిస్తాన్",
        "name:ug": "ھىندىستان - پاكىستان",
        "name:uk": "Індія - Пакистан",
        "name:ur": "بھارت - پاکستان",
        "source": "LSIB 5"
      },
      "geometry": {
        "type": "LineString",
        "coordinates": [
          [
            74.4873331,
            30.9724608
          ],
          [
            74.4899011,
            30.9725406
          ],
          [
            74.4916928,
            30.9742332
          ],
          [
            74.4918322,
            30.9744355
          ],
          [
            74.4920146,
            30.9744171
          ],
          [
            74.4979477,
            30.9643991
          ],
          [
            74.498806,
            30.9640495
          ],
          [
            74.5018047,
            30.964399
          ],
          [
            74.5023733,
            30.964537
          ],
          [
            74.5061928,
            30.9659722
          ],
          [
            74.5087731,
            30.9673061
          ],
          [
            74.5110905,
            30.9711239
          ],
          [
            74.5145774,
            30.9767904
          ],
          [
            74.5149207,
            30.9775631
          ],
          [
            74.5160901,
            30.97932
          ],
          [
            74.5163476,
            30.9795592
          ],
          [
            74.5179446,
            30.9804232
          ],
          [
            74.5196628,
            30.9813528
          ],
          [
            74.5198397,
            30.9814203
          ],
          [
            74.5212293,
            30.9819507
          ],
          [
            74.5234599,
            30.9832068
          ],
          [
            74.5241368,
            30.983588
          ],
          [
            74.5259586,
            30.9840035
          ],
          [
            74.5263147,
            30.9840847
          ],
          [
            74.5296085,
            30.9857127
          ],
          [
            74.5297408,
            30.9857666
          ],
          [
            74.5318186,
            30.9866141
          ],
          [
            74.5329839,
            30.9869866
          ],
          [
            74.5330846,
            30.9870188
          ],
          [
            74.5395863,
            30.9896125
          ],
          [
            74.5455699,
            30.9920559
          ]
        ]
      },
      "id": "way/1017955066"
    },
    {
      "type": "Feature",
      "properties": {
        "@id": "way/1017955068",
        "admin_level": "2",
        "border_type": "nation",
        "boundary": "administrative",
        "name": "India - پاکستان",
        "name:ar": "الهند - باكستان",
        "name:arc": "ܗܢܕܘ - ܦܐܩܣܛܐܢ",
        "name:az-Arab": "هیندوستان - پاکیستان",
        "name:azb": "هیندوستان - پاکیستان",
        "name:be": "Індыя - Пакістан",
        "name:bn": "ভারত–পাকিস্তান",
        "name:da": "Indien - Pakistan",
        "name:de": "Indien - Pakistan",
        "name:en": "India - Pakistan",
        "name:es": "India - Pakistán",
        "name:fa": "هند - پاکستان",
        "name:fr": "Inde - Pakistan",
        "name:glk": "هند - پاکستان",
        "name:grc": "Ἰνδία - Πακιστανία",
        "name:hi": "भारत-पाकिस्तान",
        "name:kk": "Үндістан - Пәкістан",
        "name:kk-Arab": "ٴۇندىستان - پاكىستان",
        "name:kn": "ಭಾರತ - ಪಾಕಿಸ್ಥಾನ್",
        "name:ks": "ہِنٛدوستان - پاکِستان",
        "name:lb": "Indien - Pakistan",
        "name:lrc": "هند - پاکستان",
        "name:mzn": "هند - پاکستون",
        "name:pa": "ਭਾਰਤ - ਪਾਕਿਸਤਾਨ",
        "name:pnb": "بھارت - پاکستان",
        "name:ps": "هند - پاکستان",
        "name:sd": "ڀارت - پاڪستان",
        "name:sr": "Индија - Пакистан",
        "name:sv": "Indien - Pakistan",
        "name:syc": "ܗܢܕܘ - ܦܐܩܣܛܐܢ",
        "name:ta": "இந்திய-பாகிஸ்தானிய",
        "name:te": "భారత-పాకిస్తాన్",
        "name:ug": "ھىندىستان - پاكىستان",
        "name:uk": "Індія - Пакистан",
        "name:ur": "بھارت - پاکستان",
        "source": "LSIB 5"
      },
      "geometry": {
        "type": "LineString",
        "coordinates": [
          [
            74.6350412,
            31.0475681
          ],
          [
            74.636178,
            31.0478603
          ],
          [
            74.6378732,
            31.0480073
          ],
          [
            74.6460485,
            31.0497721
          ],
          [
            74.6503186,
            31.0489633
          ],
          [
            74.6578073,
            31.050103
          ],
          [
            74.6587944,
            31.0504156
          ],
          [
            74.6609401,
            31.0507648
          ],
          [
            74.6670556,
            31.0521435
          ],
          [
            74.6711969,
            31.0535774
          ],
          [
            74.6780205,
            31.0593493
          ],
          [
            74.6880412,
            31.0676389
          ],
          [
            74.6961797,
            31.073775
          ]
        ]
      },
      "id": "way/1017955068"
    },
    {
      "type": "Feature",
      "properties": {
        "@id": "way/1190576490",
        "admin_level": "2",
        "border_type": "nation",
        "boundary": "administrative",
        "name": "India - پاکستان",
        "name:ar": "الهند - باكستان",
        "name:arc": "ܗܢܕܘ - ܦܐܩܣܛܐܢ",
        "name:az-Arab": "هیندوستان - پاکیستان",
        "name:azb": "هیندوستان - پاکیستان",
        "name:be": "Індыя - Пакістан",
        "name:bn": "ভারত–পাকিস্তান",
        "name:da": "Indien - Pakistan",
        "name:de": "Indien - Pakistan",
        "name:en": "India - Pakistan",
        "name:es": "India - Pakistán",
        "name:fa": "هند - پاکستان",
        "name:fr": "Inde - Pakistan",
        "name:glk": "هند - پاکستان",
        "name:grc": "Ἰνδία - Πακιστανία",
        "name:hi": "भारत-पाकिस्तान",
        "name:kk": "Үндістан - Пәкістан",
        "name:kk-Arab": "ٴۇندىستان - پاكىستان",
        "name:kn": "ಭಾರತ - ಪಾಕಿಸ್ಥಾನ್",
        "name:ks": "ہِنٛدوستان - پاکِستان",
        "name:lb": "Indien - Pakistan",
        "name:lrc": "هند - پاکستان",
        "name:mzn": "هند - پاکستون",
        "name:pa": "ਭਾਰਤ - ਪਾਕਿਸਤਾਨ",
        "name:pnb": "بھارت - پاکستان",
        "name:ps": "هند - پاکستان",
        "name:sd": "ڀارت - پاڪستان",
        "name:sr": "Индија - Пакистан",
        "name:sv": "Indien - Pakistan",
        "name:syc": "ܗܢܕܘ - ܦܐܩܣܛܐܢ",
        "name:ta": "இந்திய-பாகிஸ்தானிய",
        "name:te": "భారత-పాకిస్తాన్",
        "name:ug": "ھىندىستان - پاكىستان",
        "name:uk": "Індія - Пакистан",
        "name:ur": "بھارت - پاکستان",
        "source": "LSIB 5"
      },
      "geometry": {
        "type": "LineString",
        "coordinates": [
          [
            74.0909172,
            30.5493936
          ],
          [
            74.0894817,
            30.5494122
          ],
          [
            74.0881858,
            30.5495679
          ],
          [
            74.0872009,
            30.5494293
          ],
          [
            74.0860119,
            30.5493067
          ],
          [
            74.0842579,
            30.5490965
          ],
          [
            74.0825356,
            30.5488372
          ],
          [
            74.0799359,
            30.5483298
          ],
          [
            74.0795089,
            30.5489287
          ],
          [
            74.0764376,
            30.5518801
          ],
          [
            74.0734945,
            30.5546404
          ],
          [
            74.0764336,
            30.5571986
          ],
          [
            74.0789271,
            30.5593917
          ],
          [
            74.0855522,
            30.5651475
          ],
          [
            74.0915732,
            30.5703106
          ],
          [
            74.0953884,
            30.5735553
          ],
          [
            74.1019664,
            30.5791641
          ],
          [
            74.1000383,
            30.5816162
          ],
          [
            74.0978288,
            30.5841474
          ],
          [
            74.0963159,
            30.5872946
          ],
          [
            74.0986522,
            30.5905596
          ],
          [
            74.0968152,
            30.596269
          ],
          [
            74.0952823,
            30.6011424
          ],
          [
            74.0985222,
            30.6022887
          ],
          [
            74.1013594,
            30.6032058
          ],
          [
            74.1018166,
            30.6039352
          ],
          [
            74.102484,
            30.6069574
          ],
          [
            74.1019271,
            30.6109624
          ],
          [
            74.0994964,
            30.6111111
          ],
          [
            74.0959741,
            30.6114269
          ],
          [
            74.0992298,
            30.6142417
          ],
          [
            74.1050525,
            30.6192187
          ],
          [
            74.1086553,
            30.6160149
          ],
          [
            74.1121415,
            30.6129776
          ],
          [
            74.1179647,
            30.6078866
          ],
          [
            74.1197269,
            30.6160586
          ],
          [
            74.121102,
            30.622512
          ],
          [
            74.1267047,
            30.6240784
          ],
          [
            74.1278759,
            30.6291699
          ],
          [
            74.1285468,
            30.6323632
          ],
          [
            74.127416,
            30.6347559
          ],
          [
            74.1299646,
            30.6330128
          ],
          [
            74.1377569,
            30.6274092
          ],
          [
            74.1395695,
            30.6282515
          ],
          [
            74.1435254,
            30.6296149
          ],
          [
            74.1462065,
            30.6304378
          ],
          [
            74.1477679,
            30.6310432
          ],
          [
            74.1488193,
            30.6314523
          ],
          [
            74.152203,
            30.6339541
          ],
          [
            74.1533625,
            30.6352455
          ],
          [
            74.1535634,
            30.6360591
          ],
          [
            74.1541411,
            30.6370029
          ],
          [
            74.1552723,
            30.6388811
          ],
          [
            74.1561001,
            30.6406768
          ],
          [
            74.1585803,
            30.640774
          ],
          [
            74.1595347,
            30.6415286
          ],
          [
            74.1614193,
            30.6439648
          ],
          [
            74.1631334,
            30.6462751
          ],
          [
            74.1631994,
            30.6483978
          ],
          [
            74.1651551,
            30.6486174
          ],
          [
            74.1665202,
            30.6489087
          ]
        ]
      },
      "id": "way/1190576490"
    },
    {
      "type": "Feature",
      "properties": {
        "@id": "way/1190576533",
        "admin_level": "2",
        "border_type": "nation",
        "boundary": "administrative",
        "name": "India - پاکستان",
        "name:ar": "الهند - باكستان",
        "name:arc": "ܗܢܕܘ - ܦܐܩܣܛܐܢ",
        "name:az-Arab": "هیندوستان - پاکیستان",
        "name:azb": "هیندوستان - پاکیستان",
        "name:be": "Індыя - Пакістан",
        "name:bn": "ভারত–পাকিস্তান",
        "name:da": "Indien - Pakistan",
        "name:de": "Indien - Pakistan",
        "name:en": "India - Pakistan",
        "name:es": "India - Pakistán",
        "name:fa": "هند - پاکستان",
        "name:fr": "Inde - Pakistan",
        "name:glk": "هند - پاکستان",
        "name:grc": "Ἰνδία - Πακιστανία",
        "name:hi": "भारत-पाकिस्तान",
        "name:kk": "Үндістан - Пәкістан",
        "name:kk-Arab": "ٴۇندىستان - پاكىستان",
        "name:kn": "ಭಾರತ - ಪಾಕಿಸ್ತಾನ",
        "name:ks": "ہِنٛدوستان - پاکِستان",
        "name:lb": "Indien - Pakistan",
        "name:lrc": "هند - پاکستان",
        "name:mzn": "هند - پاکستون",
        "name:pa": "ਭਾਰਤ - ਪਾਕਿਸਤਾਨ",
        "name:pnb": "بھارت - پاکستان",
        "name:ps": "هند - پاکستان",
        "name:sd": "ڀارت - پاڪستان",
        "name:sr": "Индија - Пакистан",
        "name:sv": "Indien - Pakistan",
        "name:syc": "ܗܢܕܘ - ܦܐܩܣܛܐܢ",
        "name:ta": "இந்திய-பாகிஸ்தானிய",
        "name:te": "భారత-పాకిస్తాన్",
        "name:ug": "ھىندىستان - پاكىستان",
        "name:uk": "Індія - Пакистан",
        "name:ur": "بھارت - پاکستان",
        "source": "LSIB 5"
      },
      "geometry": {
        "type": "LineString",
        "coordinates": [
          [
            74.2926064,
            30.776217
          ],
          [
            74.2946577,
            30.7770728
          ],
          [
            74.2961597,
            30.7771741
          ],
          [
            74.2974043,
            30.7770728
          ]
        ]
      },
      "id": "way/1190576533"
    },
    {
      "type": "Feature",
      "properties": {
        "@id": "way/1190576534",
        "admin_level": "2",
        "border_type": "nation",
        "boundary": "administrative",
        "name": "India - پاکستان",
        "name:ar": "الهند - باكستان",
        "name:arc": "ܗܢܕܘ - ܦܐܩܣܛܐܢ",
        "name:az-Arab": "هیندوستان - پاکیستان",
        "name:azb": "هیندوستان - پاکیستان",
        "name:be": "Індыя - Пакістан",
        "name:da": "Indien - Pakistan",
        "name:de": "Indien - Pakistan",
        "name:en": "India - Pakistan",
        "name:es": "India - Pakistán",
        "name:fa": "هند - پاکستان",
        "name:fr": "Inde - Pakistan",
        "name:glk": "هند - پاکستان",
        "name:grc": "Ἰνδία - Πακιστανία",
        "name:kk": "Үндістан - Пәкістан",
        "name:kk-Arab": "ٴۇندىستان - پاكىستان",
        "name:kn": "ಭಾರತ - ಪಾಕಿಸ್ಥಾನ್",
        "name:ks": "ہِنٛدوستان - پاکِستان",
        "name:lb": "Indien - Pakistan",
        "name:lrc": "هند - پاکستان",
        "name:mzn": "هند - پاکستون",
        "name:pa": "ਭਾਰਤ - ਪਾਕਿਸਤਾਨ",
        "name:pnb": "بھارت - پاکستان",
        "name:ps": "هند - پاکستان",
        "name:sd": "ڀارت - پاڪستان",
        "name:sr": "Индија - Пакистан",
        "name:sv": "Indien - Pakistan",
        "name:syc": "ܗܢܕܘ - ܦܐܩܣܛܐܢ",
        "name:ug": "ھىندىستان - پاكىستان",
        "name:uk": "Індія - Пакистан",
        "name:ur": "بھارت - پاکستان",
        "source": "LSIB 5"
      },
      "geometry": {
        "type": "LineString",
        "coordinates": [
          [
            74.6541163,
            31.4277203
          ],
          [
            74.6539864,
            31.4275165
          ],
          [
            74.6541002,
            31.4271992
          ],
          [
            74.6544758,
            31.4269507
          ],
          [
            74.6546357,
            31.4262388
          ],
          [
            74.6546712,
            31.4259095
          ],
          [
            74.6536298,
            31.4253783
          ],
          [
            74.6519512,
            31.4264365
          ],
          [
            74.6511545,
            31.4257304
          ],
          [
            74.6507127,
            31.4254356
          ],
          [
            74.6503272,
            31.4251212
          ],
          [
            74.6497355,
            31.424471
          ],
          [
            74.6483019,
            31.4237675
          ],
          [
            74.6476867,
            31.4231444
          ],
          [
            74.6467522,
            31.4218186
          ],
          [
            74.646322,
            31.4208957
          ],
          [
            74.645519,
            31.4203745
          ],
          [
            74.6456671,
            31.4189122
          ],
          [
            74.645339,
            31.4182587
          ],
          [
            74.6450384,
            31.4179183
          ],
          [
            74.644666,
            31.4177893
          ],
          [
            74.6442579,
            31.4178118
          ],
          [
            74.64388,
            31.417303
          ],
          [
            74.6437474,
            31.4166242
          ],
          [
            74.6434998,
            31.4160901
          ],
          [
            74.6426265,
            31.4161415
          ],
          [
            74.6425355,
            31.4159469
          ],
          [
            74.6421842,
            31.4161058
          ],
          [
            74.6419625,
            31.4162367
          ],
          [
            74.6406472,
            31.4167446
          ],
          [
            74.6401378,
            31.4171448
          ],
          [
            74.6397227,
            31.4167428
          ],
          [
            74.6392133,
            31.4170283
          ],
          [
            74.6386869,
            31.4176919
          ],
          [
            74.6376104,
            31.4179537
          ],
          [
            74.6375366,
            31.41832
          ],
          [
            74.6366848,
            31.4183903
          ],
          [
            74.6358641,
            31.418797
          ],
          [
            74.6354178,
            31.4187841
          ],
          [
            74.6343126,
            31.4187308
          ],
          [
            74.6336639,
            31.4186905
          ],
          [
            74.6333938,
            31.4191919
          ],
          [
            74.6329917,
            31.420492
          ],
          [
            74.6327913,
            31.4209455
          ],
          [
            74.6327497,
            31.4212683
          ],
          [
            74.6326109,
            31.421727
          ],
          [
            74.632452,
            31.4217964
          ],
          [
            74.6324217,
            31.4218465
          ],
          [
            74.6323991,
            31.4222209
          ],
          [
            74.6323424,
            31.4227986
          ],
          [
            74.6322441,
            31.4237095
          ],
          [
            74.6320964,
            31.4246005
          ],
          [
            74.6315688,
            31.4247345
          ],
          [
            74.6313558,
            31.4255697
          ],
          [
            74.6296894,
            31.425558
          ],
          [
            74.62888,
            31.4261583
          ],
          [
            74.6285713,
            31.4269439
          ],
          [
            74.6281911,
            31.4278106
          ],
          [
            74.6278608,
            31.4286482
          ],
          [
            74.6274957,
            31.4294138
          ],
          [
            74.6263206,
            31.4293928
          ],
          [
            74.6251587,
            31.4295977
          ],
          [
            74.6242398,
            31.4298183
          ],
          [
            74.6232833,
            31.429995
          ],
          [
            74.6223777,
            31.4301357
          ],
          [
            74.6219042,
            31.4284439
          ],
          [
            74.6217483,
            31.4275165
          ],
          [
            74.6214796,
            31.4264211
          ],
          [
            74.621233,
            31.4253579
          ],
          [
            74.6211008,
            31.424606
          ],
          [
            74.620951,
            31.4241349
          ],
          [
            74.6206107,
            31.423401
          ],
          [
            74.6203389,
            31.4227945
          ],
          [
            74.6195652,
            31.4212808
          ],
          [
            74.6194233,
            31.4204605
          ],
          [
            74.6193186,
            31.4198396
          ],
          [
            74.6177114,
            31.420251
          ],
          [
            74.6166849,
            31.4205904
          ],
          [
            74.6157811,
            31.4209381
          ],
          [
            74.6156807,
            31.4210931
          ],
          [
            74.6145383,
            31.4216033
          ],
          [
            74.6138584,
            31.4218206
          ],
          [
            74.6125129,
            31.4221996
          ],
          [
            74.6108404,
            31.4224625
          ],
          [
            74.6108742,
            31.4227625
          ],
          [
            74.6098985,
            31.4232561
          ],
          [
            74.6089786,
            31.4236021
          ],
          [
            74.6087798,
            31.4228414
          ],
          [
            74.6087732,
            31.4220362
          ],
          [
            74.6076615,
            31.4213259
          ],
          [
            74.6071542,
            31.4204801
          ],
          [
            74.606676,
            31.4202942
          ],
          [
            74.6054513,
            31.4200471
          ],
          [
            74.6053298,
            31.4196912
          ],
          [
            74.6046777,
            31.419765
          ],
          [
            74.6042166,
            31.4198544
          ],
          [
            74.6036278,
            31.4200982
          ],
          [
            74.6029158,
            31.4205128
          ],
          [
            74.6026701,
            31.4204967
          ],
          [
            74.6024707,
            31.4204446
          ],
          [
            74.6023788,
            31.4199612
          ],
          [
            74.6012549,
            31.4199341
          ],
          [
            74.6024989,
            31.4182263
          ],
          [
            74.6026887,
            31.4178486
          ],
          [
            74.6028545,
            31.4174116
          ],
          [
            74.602865,
            31.4169935
          ],
          [
            74.6027555,
            31.4168265
          ],
          [
            74.6027459,
            31.416346
          ],
          [
            74.6026732,
            31.4156248
          ],
          [
            74.6023143,
            31.4155916
          ],
          [
            74.6016453,
            31.41556
          ],
          [
            74.6003168,
            31.4155127
          ],
          [
            74.5996099,
            31.4157739
          ],
          [
            74.5994115,
            31.4158288
          ],
          [
            74.5974837,
            31.4160356
          ],
          [
            74.5966023,
            31.4162083
          ],
          [
            74.5965316,
            31.4153937
          ],
          [
            74.5964154,
            31.4143307
          ],
          [
            74.5962651,
            31.4134903
          ],
          [
            74.5960997,
            31.4131471
          ],
          [
            74.5958234,
            31.4125584
          ],
          [
            74.5955245,
            31.4124972
          ],
          [
            74.5947874,
            31.4114601
          ],
          [
            74.5944429,
            31.4110811
          ],
          [
            74.5942961,
            31.4108104
          ],
          [
            74.5941173,
            31.410223
          ],
          [
            74.5942354,
            31.409462
          ],
          [
            74.5942098,
            31.4087243
          ],
          [
            74.594104,
            31.4077556
          ],
          [
            74.5933624,
            31.4068997
          ],
          [
            74.5928325,
            31.4062538
          ],
          [
            74.5923371,
            31.4055734
          ],
          [
            74.5922075,
            31.4053062
          ],
          [
            74.5916707,
            31.403675
          ],
          [
            74.5912873,
            31.4028962
          ],
          [
            74.5910162,
            31.4018459
          ],
          [
            74.5907492,
            31.4013565
          ],
          [
            74.5905487,
            31.4008634
          ],
          [
            74.5901849,
            31.4008845
          ],
          [
            74.5888182,
            31.3995538
          ],
          [
            74.5885967,
            31.3993739
          ],
          [
            74.5878493,
            31.3985228
          ],
          [
            74.5875009,
            31.3982283
          ],
          [
            74.5872659,
            31.3980367
          ],
          [
            74.5870802,
            31.3976458
          ],
          [
            74.5868417,
            31.3966818
          ],
          [
            74.5867646,
            31.3957582
          ],
          [
            74.5865867,
            31.3949188
          ],
          [
            74.5866862,
            31.3944568
          ],
          [
            74.5867353,
            31.3934706
          ],
          [
            74.5865879,
            31.3919149
          ],
          [
            74.5865114,
            31.3913956
          ],
          [
            74.58646,
            31.3909681
          ],
          [
            74.5864558,
            31.3902782
          ],
          [
            74.5861,
            31.3883123
          ],
          [
            74.5863227,
            31.3866834
          ],
          [
            74.5862338,
            31.385863
          ],
          [
            74.5860731,
            31.3848847
          ],
          [
            74.585438,
            31.3829016
          ],
          [
            74.5848221,
            31.3808055
          ],
          [
            74.5844571,
            31.3801278
          ],
          [
            74.5834089,
            31.3796987
          ],
          [
            74.5834885,
            31.3790117
          ],
          [
            74.5805046,
            31.3776269
          ],
          [
            74.5805024,
            31.3772568
          ],
          [
            74.5793972,
            31.3767742
          ],
          [
            74.5790093,
            31.3765304
          ],
          [
            74.5785443,
            31.3763754
          ],
          [
            74.5778618,
            31.375932
          ],
          [
            74.5784813,
            31.3749031
          ],
          [
            74.5774765,
            31.3745772
          ],
          [
            74.5761217,
            31.3745283
          ],
          [
            74.5756021,
            31.3744716
          ],
          [
            74.5750667,
            31.3743219
          ],
          [
            74.5740514,
            31.3741263
          ],
          [
            74.5733465,
            31.3741106
          ],
          [
            74.572736,
            31.3736691
          ],
          [
            74.5723666,
            31.3734714
          ],
          [
            74.5722189,
            31.3733651
          ],
          [
            74.5719773,
            31.3731151
          ],
          [
            74.5716701,
            31.3714555
          ],
          [
            74.5709874,
            31.3714713
          ],
          [
            74.570366,
            31.3720144
          ],
          [
            74.5698995,
            31.3722891
          ],
          [
            74.5692574,
            31.3723197
          ],
          [
            74.5674937,
            31.3719203
          ],
          [
            74.567059,
            31.3718581
          ],
          [
            74.5658842,
            31.3715857
          ],
          [
            74.565437,
            31.3713837
          ],
          [
            74.5647359,
            31.3707433
          ],
          [
            74.5636201,
            31.3700787
          ],
          [
            74.563101,
            31.3697716
          ],
          [
            74.562684,
            31.3695929
          ],
          [
            74.5621295,
            31.3693799
          ],
          [
            74.5613433,
            31.3691745
          ],
          [
            74.5611003,
            31.3690523
          ],
          [
            74.5605027,
            31.3687302
          ],
          [
            74.5594061,
            31.3683383
          ],
          [
            74.5592108,
            31.3682483
          ],
          [
            74.5585679,
            31.3678491
          ],
          [
            74.557321,
            31.3672384
          ],
          [
            74.5564516,
            31.3671011
          ],
          [
            74.5557236,
            31.3668099
          ],
          [
            74.5551919,
            31.3666456
          ],
          [
            74.5547141,
            31.3666067
          ],
          [
            74.553872,
            31.3664865
          ],
          [
            74.5530206,
            31.3658392
          ],
          [
            74.5526333,
            31.3653376
          ],
          [
            74.5522282,
            31.3649501
          ],
          [
            74.5517374,
            31.3643995
          ],
          [
            74.5516261,
            31.3633545
          ],
          [
            74.55162,
            31.3627736
          ],
          [
            74.5511604,
            31.3619757
          ],
          [
            74.550968,
            31.3618175
          ],
          [
            74.5508215,
            31.361138
          ],
          [
            74.5504383,
            31.3611526
          ],
          [
            74.5501156,
            31.3601415
          ],
          [
            74.5502354,
            31.3594105
          ],
          [
            74.5501614,
            31.3585348
          ],
          [
            74.5503495,
            31.3579216
          ],
          [
            74.5506657,
            31.3570378
          ],
          [
            74.551337,
            31.3569773
          ],
          [
            74.55262,
            31.3567391
          ],
          [
            74.553049,
            31.3564995
          ],
          [
            74.5531498,
            31.3563749
          ],
          [
            74.5529734,
            31.3560635
          ],
          [
            74.55281,
            31.3555062
          ],
          [
            74.5522925,
            31.3547312
          ],
          [
            74.5522507,
            31.3543884
          ],
          [
            74.5518644,
            31.3538923
          ]
        ]
      },
      "id": "way/1190576534"
    },
    {
      "type": "Feature",
      "properties": {
        "@id": "way/1190576535",
        "admin_level": "2",
        "border_type": "nation",
        "boundary": "administrative",
        "name": "India - پاکستان",
        "name:ar": "الهند - باكستان",
        "name:arc": "ܗܢܕܘ - ܦܐܩܣܛܐܢ",
        "name:az-Arab": "هیندوستان - پاکیستان",
        "name:azb": "هیندوستان - پاکیستان",
        "name:be": "Індыя - Пакістан",
        "name:bn": "ভারত–পাকিস্তান",
        "name:da": "Indien - Pakistan",
        "name:de": "Indien - Pakistan",
        "name:en": "India - Pakistan",
        "name:es": "India - Pakistán",
        "name:fa": "هند - پاکستان",
        "name:fr": "Inde - Pakistan",
        "name:glk": "هند - پاکستان",
        "name:grc": "Ἰνδία - Πακιστανία",
        "name:hi": "भारत-पाकिस्तान",
        "name:kk": "Үндістан - Пәкістан",
        "name:kk-Arab": "ٴۇندىستان - پاكىستان",
        "name:kn": "ಭಾರತ - ಪಾಕಿಸ್ತಾನ",
        "name:ks": "ہِنٛدوستان - پاکِستان",
        "name:lb": "Indien - Pakistan",
        "name:lrc": "هند - پاکستان",
        "name:mzn": "هند - پاکستون",
        "name:pa": "ਭਾਰਤ - ਪਾਕਿਸਤਾਨ",
        "name:pnb": "بھارت - پاکستان",
        "name:ps": "هند - پاکستان",
        "name:sd": "ڀارت - پاڪستان",
        "name:sr": "Индија - Пакистан",
        "name:sv": "Indien - Pakistan",
        "name:syc": "ܗܢܕܘ - ܦܐܩܣܛܐܢ",
        "name:ta": "இந்திய-பாகிஸ்தானிய",
        "name:te": "భారత-పాకిస్తాన్",
        "name:ug": "ھىندىستان - پاكىستان",
        "name:uk": "Індія - Пакистан",
        "name:ur": "بھارت - پاکستان",
        "source": "LSIB 5"
      },
      "geometry": {
        "type": "LineString",
        "coordinates": [
          [
            74.4897563,
            31.7134238
          ],
          [
            74.4904046,
            31.7130824
          ],
          [
            74.4917901,
            31.712356
          ],
          [
            74.4934121,
            31.711698
          ],
          [
            74.4948868,
            31.7112383
          ],
          [
            74.4957433,
            31.7109305
          ],
          [
            74.4976385,
            31.710175
          ],
          [
            74.4983798,
            31.709899
          ],
          [
            74.4992996,
            31.7094227
          ],
          [
            74.4999165,
            31.7077414
          ],
          [
            74.4992794,
            31.7072889
          ]
        ]
      },
      "id": "way/1190576535"
    },
    {
      "type": "Feature",
      "properties": {
        "@id": "way/1190576536",
        "admin_level": "2",
        "border_type": "nation",
        "boundary": "administrative",
        "name": "India - پاکستان",
        "name:ar": "الهند - باكستان",
        "name:arc": "ܗܢܕܘ - ܦܐܩܣܛܐܢ",
        "name:az-Arab": "هیندوستان - پاکیستان",
        "name:azb": "هیندوستان - پاکیستان",
        "name:be": "Індыя - Пакістан",
        "name:bn": "ভারত–পাকিস্তান",
        "name:da": "Indien - Pakistan",
        "name:de": "Indien - Pakistan",
        "name:en": "India - Pakistan",
        "name:es": "India - Pakistán",
        "name:fa": "هند - پاکستان",
        "name:fr": "Inde - Pakistan",
        "name:glk": "هند - پاکستان",
        "name:grc": "Ἰνδία - Πακιστανία",
        "name:hi": "भारत-पाकिस्तान",
        "name:kk": "Үндістан - Пәкістан",
        "name:kk-Arab": "ٴۇندىستان - پاكىستان",
        "name:kn": "ಭಾರತ - ಪಾಕಿಸ್ಥಾನ್",
        "name:ks": "ہِنٛدوستان - پاکِستان",
        "name:lb": "Indien - Pakistan",
        "name:lrc": "هند - پاکستان",
        "name:mzn": "هند - پاکستون",
        "name:pa": "ਭਾਰਤ - ਪਾਕਿਸਤਾਨ",
        "name:pnb": "بھارت - پاکستان",
        "name:ps": "هند - پاکستان",
        "name:sd": "ڀارت - پاڪستان",
        "name:sr": "Индија - Пакистан",
        "name:sv": "Indien - Pakistan",
        "name:syc": "ܗܢܕܘ - ܦܐܩܣܛܐܢ",
        "name:ta": "இந்திய-பாகிஸ்தானிய",
        "name:te": "భారత-పాకిస్తాన్",
        "name:ug": "ھىندىستان - پاكىستان",
        "name:uk": "Індія - Пакистан",
        "name:ur": "بھارت - پاکستان",
        "source": "LSIB 5"
      },
      "geometry": {
        "type": "LineString",
        "coordinates": [
          [
            74.5181354,
            31.7420527
          ],
          [
            74.5138354,
            31.7399703
          ],
          [
            74.5115223,
            31.7404086
          ],
          [
            74.5111129,
            31.7405601
          ],
          [
            74.5106123,
            31.7407884
          ],
          [
            74.5103009,
            31.7410028
          ],
          [
            74.5099035,
            31.7413039
          ],
          [
            74.5094035,
            31.741805
          ],
          [
            74.5089067,
            31.742122
          ],
          [
            74.5072822,
            31.7415493
          ],
          [
            74.5038997,
            31.740302
          ],
          [
            74.5051433,
            31.7398292
          ],
          [
            74.5039124,
            31.737314
          ],
          [
            74.5035257,
            31.7351227
          ],
          [
            74.5032262,
            31.7344207
          ],
          [
            74.5030215,
            31.733777
          ],
          [
            74.5027974,
            31.7328092
          ],
          [
            74.5028837,
            31.7294893
          ],
          [
            74.503033,
            31.7284493
          ],
          [
            74.5000672,
            31.7281673
          ],
          [
            74.4999312,
            31.7278878
          ],
          [
            74.4985318,
            31.7272754
          ],
          [
            74.498018,
            31.7270078
          ],
          [
            74.4964809,
            31.726431
          ],
          [
            74.4942926,
            31.7255359
          ],
          [
            74.4934427,
            31.725035
          ],
          [
            74.4928329,
            31.7242499
          ],
          [
            74.4916318,
            31.7236288
          ],
          [
            74.4909153,
            31.723761
          ],
          [
            74.4906257,
            31.7235731
          ],
          [
            74.4906156,
            31.7232419
          ],
          [
            74.4908595,
            31.7231151
          ],
          [
            74.490576,
            31.7228168
          ],
          [
            74.48964,
            31.7221758
          ],
          [
            74.4887535,
            31.7209647
          ],
          [
            74.4882673,
            31.7203481
          ],
          [
            74.4881368,
            31.7199483
          ],
          [
            74.487875,
            31.7193391
          ],
          [
            74.4876031,
            31.7187281
          ],
          [
            74.4875104,
            31.7181475
          ],
          [
            74.4873496,
            31.7173835
          ],
          [
            74.4871714,
            31.7167417
          ],
          [
            74.486625,
            31.7150538
          ],
          [
            74.4876922,
            31.7145238
          ],
          [
            74.4890421,
            31.7138
          ],
          [
            74.4897563,
            31.7134238
          ]
        ]
      },
      "id": "way/1190576536"
    },
    {
      "type": "Feature",
      "properties": {
        "@id": "way/1190576582",
        "admin_level": "2",
        "border_type": "nation",
        "boundary": "administrative",
        "name": "India - پاکستان",
        "name:ar": "الهند - باكستان",
        "name:arc": "ܗܢܕܘ - ܦܐܩܣܛܐܢ",
        "name:az-Arab": "هیندوستان - پاکیستان",
        "name:azb": "هیندوستان - پاکیستان",
        "name:be": "Індыя - Пакістан",
        "name:da": "Indien - Pakistan",
        "name:de": "Indien - Pakistan",
        "name:en": "India - Pakistan",
        "name:es": "India - Pakistán",
        "name:fa": "هند - پاکستان",
        "name:fr": "Inde - Pakistan",
        "name:glk": "هند - پاکستان",
        "name:grc": "Ἰνδία - Πακιστανία",
        "name:kk": "Үндістан - Пәкістан",
        "name:kk-Arab": "ٴۇندىستان - پاكىستان",
        "name:kn": "ಭಾರತ - ಪಾಕಿಸ್ಥಾನ್",
        "name:ks": "ہِنٛدوستان - پاکِستان",
        "name:lb": "Indien - Pakistan",
        "name:lrc": "هند - پاکستان",
        "name:mzn": "هند - پاکستون",
        "name:pa": "ਭਾਰਤ - ਪਾਕਿਸਤਾਨ",
        "name:pnb": "بھارت - پاکستان",
        "name:ps": "هند - پاکستان",
        "name:sd": "ڀارت - پاڪستان",
        "name:sr": "Индија - Пакистан",
        "name:sv": "Indien - Pakistan",
        "name:syc": "ܗܢܕܘ - ܦܐܩܣܛܐܢ",
        "name:ug": "ھىندىستان - پاكىستان",
        "name:uk": "Індія - Пакистан",
        "name:ur": "بھارت - پاکستان",
        "source": "LSIB 5"
      },
      "geometry": {
        "type": "LineString",
        "coordinates": [
          [
            74.8737487,
            32.0461027
          ],
          [
            74.8726034,
            32.0440116
          ],
          [
            74.8690557,
            32.0428165
          ],
          [
            74.8691917,
            32.0418714
          ],
          [
            74.8687842,
            32.0418598
          ],
          [
            74.8688186,
            32.0414386
          ],
          [
            74.8723153,
            32.041514
          ],
          [
            74.8723316,
            32.0411372
          ],
          [
            74.8723512,
            32.0407304
          ],
          [
            74.8727833,
            32.0406837
          ],
          [
            74.8733476,
            32.0395977
          ],
          [
            74.8738091,
            32.0387697
          ],
          [
            74.8743133,
            32.0380047
          ],
          [
            74.8747357,
            32.0370767
          ],
          [
            74.8754873,
            32.0357019
          ],
          [
            74.8757689,
            32.0350755
          ],
          [
            74.8763901,
            32.0341045
          ],
          [
            74.8769527,
            32.0341381
          ],
          [
            74.8777595,
            32.0336538
          ],
          [
            74.8782277,
            32.0332791
          ],
          [
            74.8785105,
            32.0329819
          ],
          [
            74.8799868,
            32.0318747
          ],
          [
            74.8775514,
            32.029743
          ],
          [
            74.8771037,
            32.0294693
          ],
          [
            74.8759043,
            32.0284223
          ],
          [
            74.8734289,
            32.0262323
          ],
          [
            74.8709425,
            32.0239726
          ],
          [
            74.8687882,
            32.021977
          ],
          [
            74.8688573,
            32.022659
          ],
          [
            74.8690645,
            32.0245972
          ],
          [
            74.8693101,
            32.0277335
          ],
          [
            74.8654776,
            32.0304276
          ],
          [
            74.8626266,
            32.0295114
          ],
          [
            74.8638219,
            32.0243886
          ],
          [
            74.8655968,
            32.0231933
          ],
          [
            74.8631056,
            32.0221407
          ],
          [
            74.8613381,
            32.0221235
          ],
          [
            74.8592864,
            32.0216066
          ],
          [
            74.8574425,
            32.0213212
          ],
          [
            74.8483113,
            32.0204925
          ],
          [
            74.8531257,
            32.013395
          ],
          [
            74.846784,
            32.0083907
          ],
          [
            74.8417838,
            32.008526
          ],
          [
            74.8389533,
            32.0085096
          ],
          [
            74.8313082,
            32.0010132
          ],
          [
            74.8292811,
            31.9998132
          ],
          [
            74.8288604,
            31.9991808
          ],
          [
            74.828913,
            31.9986701
          ],
          [
            74.8287392,
            31.9982333
          ],
          [
            74.8295793,
            31.9934543
          ],
          [
            74.830121,
            31.9887369
          ],
          [
            74.8303524,
            31.987305
          ],
          [
            74.8305285,
            31.9859312
          ],
          [
            74.8306642,
            31.9854262
          ],
          [
            74.8307331,
            31.9840486
          ],
          [
            74.830918,
            31.9827789
          ],
          [
            74.8310279,
            31.9823123
          ],
          [
            74.8312435,
            31.9807826
          ],
          [
            74.8308109,
            31.9797524
          ],
          [
            74.830335,
            31.9792419
          ],
          [
            74.8289365,
            31.9767716
          ],
          [
            74.8275023,
            31.9739391
          ],
          [
            74.8258889,
            31.9706931
          ],
          [
            74.8253699,
            31.9699471
          ],
          [
            74.8238737,
            31.9680213
          ],
          [
            74.8215886,
            31.9644511
          ],
          [
            74.8216117,
            31.9636085
          ],
          [
            74.8202544,
            31.9606416
          ],
          [
            74.8190064,
            31.9587078
          ],
          [
            74.8181599,
            31.9591552
          ],
          [
            74.8169463,
            31.9593125
          ],
          [
            74.8151039,
            31.9605403
          ],
          [
            74.8136899,
            31.9603552
          ],
          [
            74.8110064,
            31.9594372
          ],
          [
            74.8106888,
            31.9623839
          ],
          [
            74.8093106,
            31.9623076
          ],
          [
            74.807346,
            31.9627704
          ],
          [
            74.8073537,
            31.9625971
          ],
          [
            74.8058774,
            31.9629876
          ],
          [
            74.8053107,
            31.961666
          ],
          [
            74.8044443,
            31.9617972
          ],
          [
            74.8029695,
            31.9597605
          ],
          [
            74.802227,
            31.9578735
          ],
          [
            74.8010467,
            31.9579972
          ],
          [
            74.8004732,
            31.957931
          ],
          [
            74.8000386,
            31.9578506
          ],
          [
            74.7989909,
            31.9578227
          ],
          [
            74.7983677,
            31.9576187
          ],
          [
            74.794679,
            31.9582967
          ],
          [
            74.7936061,
            31.9577668
          ],
          [
            74.7926501,
            31.9573941
          ],
          [
            74.7892564,
            31.9567631
          ],
          [
            74.7886881,
            31.9565709
          ],
          [
            74.7876993,
            31.956375
          ],
          [
            74.7816454,
            31.95577
          ],
          [
            74.778556,
            31.9539371
          ],
          [
            74.7752676,
            31.9521544
          ],
          [
            74.7732503,
            31.9508956
          ],
          [
            74.7725214,
            31.9503682
          ],
          [
            74.7700114,
            31.9486611
          ],
          [
            74.768489,
            31.9477339
          ],
          [
            74.7673696,
            31.9486384
          ],
          [
            74.7660781,
            31.9496583
          ],
          [
            74.7646928,
            31.9508253
          ],
          [
            74.7641126,
            31.9514058
          ],
          [
            74.7621801,
            31.9524853
          ],
          [
            74.7597677,
            31.954338
          ],
          [
            74.7587814,
            31.9547817
          ],
          [
            74.7581444,
            31.9545847
          ],
          [
            74.7562158,
            31.9557394
          ],
          [
            74.7553938,
            31.9558218
          ],
          [
            74.7554989,
            31.954759
          ],
          [
            74.7556006,
            31.9537696
          ],
          [
            74.7559687,
            31.9516645
          ],
          [
            74.7564019,
            31.9464506
          ],
          [
            74.7563487,
            31.9448998
          ],
          [
            74.7563699,
            31.9437414
          ],
          [
            74.7552169,
            31.9441821
          ],
          [
            74.75369,
            31.9429143
          ],
          [
            74.7516578,
            31.9424068
          ],
          [
            74.7507463,
            31.9422326
          ],
          [
            74.7503202,
            31.9423364
          ],
          [
            74.7499344,
            31.9422232
          ],
          [
            74.7498173,
            31.942099
          ],
          [
            74.7494928,
            31.941913
          ],
          [
            74.74788,
            31.9418265
          ],
          [
            74.7458729,
            31.9412062
          ],
          [
            74.7450801,
            31.9411889
          ],
          [
            74.743779,
            31.9402796
          ],
          [
            74.7431032,
            31.9397209
          ],
          [
            74.7418388,
            31.9405794
          ],
          [
            74.7409278,
            31.9412531
          ],
          [
            74.7401865,
            31.9416139
          ],
          [
            74.7387106,
            31.942559
          ],
          [
            74.7375023,
            31.9433027
          ],
          [
            74.7361691,
            31.9442236
          ],
          [
            74.7343514,
            31.9453246
          ],
          [
            74.7333387,
            31.9448527
          ],
          [
            74.7331021,
            31.9445511
          ],
          [
            74.7327044,
            31.9438304
          ],
          [
            74.7319074,
            31.9425047
          ],
          [
            74.7309595,
            31.9410492
          ],
          [
            74.7272567,
            31.9428135
          ],
          [
            74.7264183,
            31.9422208
          ],
          [
            74.7258992,
            31.9417935
          ],
          [
            74.7239596,
            31.9423139
          ],
          [
            74.7238863,
            31.9424765
          ],
          [
            74.72226,
            31.9429113
          ],
          [
            74.7199374,
            31.9414469
          ],
          [
            74.7203571,
            31.9410866
          ],
          [
            74.7199963,
            31.9406948
          ],
          [
            74.7203174,
            31.9403967
          ],
          [
            74.7198856,
            31.9401116
          ],
          [
            74.7194137,
            31.9398585
          ],
          [
            74.7186685,
            31.9394071
          ],
          [
            74.7187123,
            31.939014
          ],
          [
            74.7181435,
            31.9385887
          ],
          [
            74.7181812,
            31.9384372
          ],
          [
            74.7167904,
            31.9377194
          ],
          [
            74.7156705,
            31.9368129
          ],
          [
            74.7151604,
            31.9362323
          ],
          [
            74.7148957,
            31.935705
          ],
          [
            74.7144592,
            31.9342771
          ],
          [
            74.7145075,
            31.933902
          ],
          [
            74.7144468,
            31.9333615
          ],
          [
            74.7139259,
            31.9321644
          ],
          [
            74.7152842,
            31.9298659
          ],
          [
            74.7161982,
            31.9281982
          ],
          [
            74.7166728,
            31.9272872
          ],
          [
            74.7175427,
            31.9260856
          ],
          [
            74.7184262,
            31.9248129
          ],
          [
            74.7190553,
            31.9237667
          ],
          [
            74.7179249,
            31.9235848
          ],
          [
            74.7171151,
            31.9235107
          ],
          [
            74.7158953,
            31.9233205
          ],
          [
            74.7148376,
            31.9231309
          ],
          [
            74.7143634,
            31.9230618
          ],
          [
            74.7131723,
            31.9229061
          ],
          [
            74.7127562,
            31.9229179
          ],
          [
            74.71131,
            31.9229861
          ],
          [
            74.7103697,
            31.9230158
          ],
          [
            74.709039,
            31.9230531
          ],
          [
            74.7076915,
            31.9231185
          ],
          [
            74.706482,
            31.9211581
          ],
          [
            74.7041971,
            31.9221272
          ],
          [
            74.7014827,
            31.9232387
          ],
          [
            74.7008615,
            31.9235088
          ],
          [
            74.700802,
            31.9246044
          ],
          [
            74.700777,
            31.925941
          ],
          [
            74.7000648,
            31.9260612
          ],
          [
            74.6994374,
            31.9262102
          ],
          [
            74.6988812,
            31.9262369
          ],
          [
            74.6982009,
            31.9263942
          ],
          [
            74.6972084,
            31.9265906
          ],
          [
            74.6956593,
            31.9266889
          ],
          [
            74.6950242,
            31.9267127
          ],
          [
            74.6940317,
            31.9267245
          ],
          [
            74.6922935,
            31.9266986
          ],
          [
            74.6915959,
            31.9266647
          ]
        ]
      },
      "id": "way/1190576582"
    },
    {
      "type": "Feature",
      "properties": {
        "@id": "way/1190576583",
        "admin_level": "2",
        "border_type": "nation",
        "boundary": "administrative",
        "name": "India - پاکستان",
        "name:ar": "الهند - باكستان",
        "name:arc": "ܗܢܕܘ - ܦܐܩܣܛܐܢ",
        "name:az-Arab": "هیندوستان - پاکیستان",
        "name:azb": "هیندوستان - پاکیستان",
        "name:be": "Індыя - Пакістан",
        "name:bn": "ভারত–পাকিস্তান",
        "name:da": "Indien - Pakistan",
        "name:de": "Indien - Pakistan",
        "name:en": "India - Pakistan",
        "name:es": "India - Pakistán",
        "name:fa": "هند - پاکستان",
        "name:fr": "Inde - Pakistan",
        "name:glk": "هند - پاکستان",
        "name:grc": "Ἰνδία - Πακιστανία",
        "name:hi": "भारत-पाकिस्तान",
        "name:kk": "Үндістан - Пәкістан",
        "name:kk-Arab": "ٴۇندىستان - پاكىستان",
        "name:kn": "ಭಾರತ - ಪಾಕಿಸ್ಥಾನ್",
        "name:ks": "ہِنٛدوستان - پاکِستان",
        "name:lb": "Indien - Pakistan",
        "name:lrc": "هند - پاکستان",
        "name:mzn": "هند - پاکستون",
        "name:pa": "ਭਾਰਤ - ਪਾਕਿਸਤਾਨ",
        "name:pnb": "بھارت - پاکستان",
        "name:ps": "هند - پاکستان",
        "name:sd": "ڀارت - پاڪستان",
        "name:sr": "Индија - Пакистан",
        "name:sv": "Indien - Pakistan",
        "name:syc": "ܗܢܕܘ - ܦܐܩܣܛܐܢ",
        "name:ta": "இந்திய-பாகிஸ்தானிய",
        "name:te": "భారత-పాకిస్తాన్",
        "name:ug": "ھىندىستان - پاكىستان",
        "name:uk": "Індія - Пакистан",
        "name:ur": "بھارت - پاکستان",
        "source": "LSIB 5"
      },
      "geometry": {
        "type": "LineString",
        "coordinates": [
          [
            75.0258722,
            32.0485008
          ],
          [
            75.025512,
            32.0484124
          ],
          [
            75.0238011,
            32.0476161
          ],
          [
            75.0229935,
            32.0480525
          ],
          [
            75.0216241,
            32.0486225
          ],
          [
            75.0211686,
            32.0482133
          ],
          [
            75.0203271,
            32.0477926
          ],
          [
            75.0188018,
            32.0469794
          ],
          [
            75.0175023,
            32.0439072
          ],
          [
            75.0173912,
            32.0437429
          ],
          [
            75.0185052,
            32.0430771
          ],
          [
            75.0178427,
            32.041904
          ],
          [
            75.0173063,
            32.042459
          ],
          [
            75.0167181,
            32.0429403
          ],
          [
            75.0124113,
            32.0356792
          ],
          [
            75.0086982,
            32.0369015
          ],
          [
            75.0064898,
            32.0374761
          ],
          [
            75.0049076,
            32.0375174
          ],
          [
            75.0038596,
            32.0400329
          ],
          [
            75.0034026,
            32.0420653
          ],
          [
            75.002972,
            32.0435802
          ],
          [
            75.0017596,
            32.0418425
          ],
          [
            75.0013002,
            32.0411357
          ],
          [
            75.0010503,
            32.041093
          ],
          [
            75.0004868,
            32.0411247
          ],
          [
            74.9995089,
            32.041281
          ],
          [
            74.9970853,
            32.041815
          ],
          [
            74.9956175,
            32.0418705
          ],
          [
            74.993976,
            32.0415505
          ],
          [
            74.9934206,
            32.0415018
          ],
          [
            74.9912221,
            32.0417351
          ],
          [
            74.988343,
            32.0421352
          ],
          [
            74.9873395,
            32.042079
          ],
          [
            74.9853063,
            32.0423544
          ]
        ]
      },
      "id": "way/1190576583"
    },
    {
      "type": "Feature",
      "properties": {
        "@id": "way/1207305976",
        "admin_level": "2",
        "border_type": "nation",
        "boundary": "administrative",
        "name": "India - پاکستان",
        "name:ar": "الهند - باكستان",
        "name:arc": "ܗܢܕܘ - ܦܐܩܣܛܐܢ",
        "name:az-Arab": "هیندوستان - پاکیستان",
        "name:azb": "هیندوستان - پاکیستان",
        "name:be": "Індыя - Пакістан",
        "name:bn": "ভারত–পাকিস্তান",
        "name:da": "Indien - Pakistan",
        "name:de": "Indien - Pakistan",
        "name:en": "India - Pakistan",
        "name:es": "India - Pakistán",
        "name:fa": "هند - پاکستان",
        "name:fr": "Inde - Pakistan",
        "name:glk": "هند - پاکستان",
        "name:grc": "Ἰνδία - Πακιστανία",
        "name:hi": "भारत-पाकिस्तान",
        "name:kk": "Үндістан - Пәкістан",
        "name:kk-Arab": "ٴۇندىستان - پاكىستان",
        "name:kn": "ಭಾರತ - ಪಾಕಿಸ್ಥಾನ್",
        "name:ks": "ہِنٛدوستان - پاکِستان",
        "name:lb": "Indien - Pakistan",
        "name:lrc": "هند - پاکستان",
        "name:mzn": "هند - پاکستون",
        "name:pa": "ਭਾਰਤ - ਪਾਕਿਸਤਾਨ",
        "name:pnb": "بھارت - پاکستان",
        "name:ps": "هند - پاکستان",
        "name:sd": "ڀارت - پاڪستان",
        "name:sr": "Индија - Пакистан",
        "name:sv": "Indien - Pakistan",
        "name:syc": "ܗܢܕܘ - ܦܐܩܣܛܐܢ",
        "name:ta": "இந்திய-பாகிஸ்தானிய",
        "name:te": "భారత-పాకిస్తాన్",
        "name:ug": "ھىندىستان - پاكىستان",
        "name:uk": "Індія - Пакистан",
        "name:ur": "بھارت - پاکستان",
        "source": "LSIB 5"
      },
      "geometry": {
        "type": "LineString",
        "coordinates": [
          [
            74.5842205,
            31.5207521
          ],
          [
            74.5836836,
            31.5190567
          ],
          [
            74.5834109,
            31.5182389
          ],
          [
            74.5829918,
            31.5172174
          ],
          [
            74.5827485,
            31.5164067
          ],
          [
            74.5827203,
            31.5156458
          ],
          [
            74.5827697,
            31.5153512
          ],
          [
            74.5830421,
            31.5149531
          ],
          [
            74.5828793,
            31.514083
          ],
          [
            74.582781,
            31.5137787
          ],
          [
            74.5825062,
            31.5131433
          ],
          [
            74.5823783,
            31.5128848
          ],
          [
            74.5821397,
            31.512581
          ],
          [
            74.5817341,
            31.5121718
          ],
          [
            74.580957,
            31.5118338
          ],
          [
            74.5806103,
            31.511614
          ],
          [
            74.5802721,
            31.5110927
          ],
          [
            74.5804994,
            31.510964
          ],
          [
            74.5808739,
            31.5109957
          ],
          [
            74.5812456,
            31.5110574
          ],
          [
            74.5820249,
            31.5108602
          ],
          [
            74.5820107,
            31.5105287
          ],
          [
            74.5824907,
            31.5104665
          ],
          [
            74.5834918,
            31.5104086
          ],
          [
            74.5834717,
            31.5103351
          ],
          [
            74.5836793,
            31.5103595
          ],
          [
            74.5837827,
            31.5097426
          ],
          [
            74.5837761,
            31.5091402
          ],
          [
            74.583304,
            31.5090845
          ],
          [
            74.5832194,
            31.5084869
          ],
          [
            74.5834217,
            31.507778
          ],
          [
            74.583926,
            31.5077624
          ],
          [
            74.5841761,
            31.5074477
          ],
          [
            74.5841171,
            31.5067493
          ],
          [
            74.5834043,
            31.5065903
          ],
          [
            74.58301,
            31.5068547
          ],
          [
            74.5829262,
            31.5071318
          ],
          [
            74.5825086,
            31.5077913
          ],
          [
            74.5819998,
            31.5079986
          ],
          [
            74.5810142,
            31.5079998
          ],
          [
            74.580121,
            31.5078641
          ],
          [
            74.5801452,
            31.5070028
          ],
          [
            74.5804427,
            31.5063131
          ],
          [
            74.5810212,
            31.506496
          ],
          [
            74.5811428,
            31.506783
          ],
          [
            74.5820583,
            31.5065215
          ],
          [
            74.5824563,
            31.5063599
          ],
          [
            74.5830198,
            31.5059888
          ],
          [
            74.5835417,
            31.5057891
          ],
          [
            74.5840586,
            31.5056688
          ],
          [
            74.584685,
            31.5054217
          ],
          [
            74.5859964,
            31.5049311
          ],
          [
            74.5872873,
            31.5041721
          ],
          [
            74.5870226,
            31.5036642
          ],
          [
            74.5866603,
            31.5028818
          ],
          [
            74.5860574,
            31.5018446
          ],
          [
            74.5854752,
            31.5010114
          ],
          [
            74.5853159,
            31.5008822
          ],
          [
            74.5846402,
            31.5001956
          ],
          [
            74.5834684,
            31.5007858
          ],
          [
            74.5828795,
            31.5004017
          ],
          [
            74.5819707,
            31.50067
          ],
          [
            74.5815576,
            31.5006403
          ],
          [
            74.5814166,
            31.4998066
          ],
          [
            74.5812338,
            31.4987703
          ],
          [
            74.5804959,
            31.4988984
          ],
          [
            74.5804435,
            31.4994029
          ],
          [
            74.5801197,
            31.4998719
          ],
          [
            74.579955,
            31.5004533
          ],
          [
            74.5794156,
            31.5004865
          ],
          [
            74.5790648,
            31.5005653
          ],
          [
            74.5788271,
            31.4997449
          ],
          [
            74.5784812,
            31.4998014
          ],
          [
            74.578432,
            31.4999312
          ],
          [
            74.5786572,
            31.5006796
          ],
          [
            74.5779704,
            31.500867
          ],
          [
            74.5770116,
            31.5011733
          ],
          [
            74.5764459,
            31.5015302
          ],
          [
            74.5759323,
            31.5015912
          ],
          [
            74.5755684,
            31.5015764
          ],
          [
            74.5754143,
            31.5015027
          ],
          [
            74.575409,
            31.5011485
          ],
          [
            74.5753597,
            31.5009072
          ],
          [
            74.5756736,
            31.5006426
          ],
          [
            74.5759298,
            31.5004198
          ],
          [
            74.5765651,
            31.4998874
          ],
          [
            74.5773826,
            31.4992367
          ],
          [
            74.5775681,
            31.4990515
          ],
          [
            74.5781876,
            31.4983321
          ],
          [
            74.5786981,
            31.4984309
          ],
          [
            74.5798885,
            31.4984551
          ],
          [
            74.5800688,
            31.4984457
          ],
          [
            74.5802865,
            31.4983772
          ],
          [
            74.5807865,
            31.4980504
          ],
          [
            74.5812355,
            31.4978612
          ],
          [
            74.5816473,
            31.4977006
          ],
          [
            74.5820887,
            31.4976257
          ],
          [
            74.5830906,
            31.4968689
          ],
          [
            74.5832689,
            31.4969488
          ],
          [
            74.5836392,
            31.4967904
          ],
          [
            74.5839435,
            31.4965576
          ],
          [
            74.5847295,
            31.4964408
          ],
          [
            74.5857974,
            31.4963636
          ],
          [
            74.586679,
            31.4963525
          ],
          [
            74.587417,
            31.4960804
          ],
          [
            74.5879598,
            31.4962387
          ],
          [
            74.5888576,
            31.4965868
          ],
          [
            74.5883806,
            31.4971645
          ],
          [
            74.5896544,
            31.4969915
          ],
          [
            74.5903592,
            31.4968847
          ],
          [
            74.5911445,
            31.4966773
          ],
          [
            74.5930735,
            31.4962263
          ],
          [
            74.5936164,
            31.49613
          ],
          [
            74.5941819,
            31.4968718
          ],
          [
            74.5945826,
            31.4980947
          ],
          [
            74.5942248,
            31.4982179
          ],
          [
            74.594436,
            31.4988676
          ],
          [
            74.5943,
            31.498952
          ],
          [
            74.5943638,
            31.4996668
          ],
          [
            74.5944571,
            31.5006544
          ],
          [
            74.5948141,
            31.5015212
          ],
          [
            74.5957006,
            31.5012841
          ],
          [
            74.5962947,
            31.5011656
          ],
          [
            74.5974279,
            31.5010278
          ],
          [
            74.598103,
            31.5009891
          ],
          [
            74.5982106,
            31.5005698
          ],
          [
            74.5986891,
            31.5000685
          ],
          [
            74.5988085,
            31.4999546
          ],
          [
            74.5996261,
            31.4996793
          ],
          [
            74.6000093,
            31.4996902
          ],
          [
            74.6005353,
            31.4997393
          ],
          [
            74.6010073,
            31.4998167
          ],
          [
            74.6021282,
            31.5001166
          ],
          [
            74.6028597,
            31.5004305
          ],
          [
            74.6031286,
            31.5004568
          ],
          [
            74.6032462,
            31.500123
          ],
          [
            74.6033252,
            31.500005
          ],
          [
            74.6034868,
            31.4998988
          ],
          [
            74.6038064,
            31.4998193
          ],
          [
            74.6041027,
            31.4990025
          ],
          [
            74.6041671,
            31.498655
          ],
          [
            74.6055253,
            31.4984048
          ],
          [
            74.6061248,
            31.4983793
          ],
          [
            74.6064975,
            31.4983433
          ],
          [
            74.6068451,
            31.4997275
          ],
          [
            74.6077772,
            31.4995212
          ],
          [
            74.6080414,
            31.4995166
          ],
          [
            74.6085689,
            31.4996191
          ],
          [
            74.6087453,
            31.4997102
          ],
          [
            74.6090807,
            31.4996687
          ],
          [
            74.6092604,
            31.4998115
          ],
          [
            74.6095413,
            31.4997557
          ],
          [
            74.6098328,
            31.4997889
          ],
          [
            74.6108794,
            31.4990013
          ]
        ]
      },
      "id": "way/1207305976"
    },
    {
      "type": "Feature",
      "properties": {
        "@id": "way/1226123368",
        "admin_level": "2",
        "border_type": "nation",
        "boundary": "administrative",
        "name": "India - پاکستان",
        "name:ar": "الهند - باكستان",
        "name:arc": "ܗܢܕܘ - ܦܐܩܣܛܐܢ",
        "name:az-Arab": "هیندوستان - پاکیستان",
        "name:azb": "هیندوستان - پاکیستان",
        "name:be": "Індыя - Пакістан",
        "name:bn": "ভারত–পাকিস্তান",
        "name:da": "Indien - Pakistan",
        "name:de": "Indien - Pakistan",
        "name:en": "India - Pakistan",
        "name:es": "India - Pakistán",
        "name:fa": "هند - پاکستان",
        "name:fr": "Inde - Pakistan",
        "name:glk": "هند - پاکستان",
        "name:grc": "Ἰνδία - Πακιστανία",
        "name:hi": "भारत-पाकिस्तान",
        "name:kk": "Үндістан - Пәкістан",
        "name:kk-Arab": "ٴۇندىستان - پاكىستان",
        "name:kn": "ಭಾರತ - ಪಾಕಿಸ್ಥಾನ್",
        "name:ks": "ہِنٛدوستان - پاکِستان",
        "name:lb": "Indien - Pakistan",
        "name:lrc": "هند - پاکستان",
        "name:mzn": "هند - پاکستون",
        "name:pa": "ਭਾਰਤ - ਪਾਕਿਸਤਾਨ",
        "name:pnb": "بھارت - پاکستان",
        "name:ps": "هند - پاکستان",
        "name:sd": "ڀارت - پاڪستان",
        "name:sr": "Индија - Пакистан",
        "name:sv": "Indien - Pakistan",
        "name:syc": "ܗܢܕܘ - ܦܐܩܣܛܐܢ",
        "name:ta": "இந்திய-பாகிஸ்தானிய",
        "name:te": "భారత-పాకిస్తాన్",
        "name:ug": "ھىندىستان - پاكىستان",
        "name:uk": "Індія - Пакистан",
        "name:ur": "بھارت - پاکستان",
        "source": "LSIB 5"
      },
      "geometry": {
        "type": "LineString",
        "coordinates": [
          [
            75.2817795,
            32.1445033
          ],
          [
            75.2811571,
            32.1435898
          ],
          [
            75.2795588,
            32.1406567
          ],
          [
            75.2788664,
            32.1395699
          ],
          [
            75.2782506,
            32.1383147
          ],
          [
            75.2777744,
            32.1374996
          ],
          [
            75.2773971,
            32.1368845
          ],
          [
            75.2783712,
            32.1357825
          ],
          [
            75.2789328,
            32.1350696
          ],
          [
            75.2800307,
            32.1338346
          ],
          [
            75.2825767,
            32.1322226
          ],
          [
            75.2834384,
            32.131816
          ],
          [
            75.2832208,
            32.1314181
          ],
          [
            75.282451,
            32.129766
          ],
          [
            75.28185,
            32.128341
          ],
          [
            75.28167,
            32.127732
          ],
          [
            75.281464,
            32.125783
          ],
          [
            75.28155,
            32.123611
          ],
          [
            75.281421,
            32.12265
          ],
          [
            75.281018,
            32.12162
          ],
          [
            75.280692,
            32.121079
          ],
          [
            75.279996,
            32.11956
          ],
          [
            75.279455,
            32.117843
          ],
          [
            75.2786103,
            32.1168906
          ],
          [
            75.276902,
            32.1152582
          ],
          [
            75.2748747,
            32.1137734
          ],
          [
            75.2746962,
            32.1140005
          ],
          [
            75.2742764,
            32.1138645
          ],
          [
            75.2738943,
            32.1136382
          ],
          [
            75.2729864,
            32.1132023
          ],
          [
            75.2724327,
            32.1128677
          ],
          [
            75.272016,
            32.1127205
          ],
          [
            75.2706613,
            32.1126557
          ],
          [
            75.2678359,
            32.1123402
          ],
          [
            75.267027,
            32.1123884
          ],
          [
            75.2661213,
            32.1125752
          ],
          [
            75.2656278,
            32.112728
          ],
          [
            75.2657137,
            32.11202
          ],
          [
            75.2637657,
            32.1117953
          ],
          [
            75.2627719,
            32.1119167
          ],
          [
            75.261579,
            32.1104703
          ],
          [
            75.26624,
            32.1088575
          ],
          [
            75.2663311,
            32.1083845
          ],
          [
            75.266361,
            32.1078046
          ],
          [
            75.2665191,
            32.1073775
          ],
          [
            75.2661654,
            32.1064065
          ],
          [
            75.2655599,
            32.105714
          ],
          [
            75.2650395,
            32.1050302
          ],
          [
            75.2646781,
            32.1046521
          ],
          [
            75.2633157,
            32.1036001
          ],
          [
            75.2627142,
            32.1026238
          ],
          [
            75.2621452,
            32.1020241
          ],
          [
            75.2617658,
            32.1018235
          ],
          [
            75.2612419,
            32.1013334
          ],
          [
            75.2607256,
            32.1017241
          ],
          [
            75.2598308,
            32.1019997
          ],
          [
            75.2591704,
            32.1020542
          ],
          [
            75.258433,
            32.1023229
          ],
          [
            75.2573484,
            32.1021854
          ],
          [
            75.2568952,
            32.1012884
          ],
          [
            75.2555927,
            32.1013892
          ],
          [
            75.2527107,
            32.1015092
          ],
          [
            75.2489568,
            32.1011785
          ],
          [
            75.2477939,
            32.1009163
          ],
          [
            75.247071,
            32.1006707
          ],
          [
            75.2451079,
            32.0999119
          ],
          [
            75.2442259,
            32.0982099
          ],
          [
            75.242829,
            32.0957703
          ],
          [
            75.2418348,
            32.0939198
          ],
          [
            75.2408938,
            32.0921801
          ],
          [
            75.2402693,
            32.0910296
          ],
          [
            75.239077,
            32.0911222
          ]
        ]
      },
      "id": "way/1226123368"
    },
    {
      "type": "Feature",
      "properties": {
        "@id": "way/1226129087",
        "admin_level": "2",
        "border_type": "nation",
        "boundary": "administrative",
        "name": "India - پاکستان",
        "name:ar": "الهند - باكستان",
        "name:arc": "ܗܢܕܘ - ܦܐܩܣܛܐܢ",
        "name:az-Arab": "هیندوستان - پاکیستان",
        "name:azb": "هیندوستان - پاکیستان",
        "name:be": "Індыя - Пакістан",
        "name:bn": "ভারত–পাকিস্তান",
        "name:da": "Indien - Pakistan",
        "name:de": "Indien - Pakistan",
        "name:en": "India - Pakistan",
        "name:es": "India - Pakistán",
        "name:fa": "هند - پاکستان",
        "name:fr": "Inde - Pakistan",
        "name:glk": "هند - پاکستان",
        "name:grc": "Ἰνδία - Πακιστανία",
        "name:hi": "भारत-पाकिस्तान",
        "name:kk": "Үндістан - Пәкістан",
        "name:kk-Arab": "ٴۇندىستان - پاكىستان",
        "name:kn": "ಭಾರತ - ಪಾಕಿಸ್ಥಾನ್",
        "name:ks": "ہِنٛدوستان - پاکِستان",
        "name:lb": "Indien - Pakistan",
        "name:lrc": "هند - پاکستان",
        "name:mzn": "هند - پاکستون",
        "name:pa": "ਭਾਰਤ - ਪਾਕਿਸਤਾਨ",
        "name:pnb": "بھارت - پاکستان",
        "name:ps": "هند - پاکستان",
        "name:sd": "ڀارت - پاڪستان",
        "name:sr": "Индија - Пакистан",
        "name:sv": "Indien - Pakistan",
        "name:syc": "ܗܢܕܘ - ܦܐܩܣܛܐܢ",
        "name:ta": "இந்திய-பாகிஸ்தானிய",
        "name:te": "భారత-పాకిస్తాన్",
        "name:ug": "ھىندىستان - پاكىستان",
        "name:uk": "Індія - Пакистан",
        "name:ur": "بھارت - پاکستان",
        "source": "LSIB 5"
      },
      "geometry": {
        "type": "LineString",
        "coordinates": [
          [
            75.3054388,
            32.1673751
          ],
          [
            75.3047401,
            32.1666249
          ],
          [
            75.3045691,
            32.1664006
          ],
          [
            75.3043613,
            32.1660302
          ],
          [
            75.3040079,
            32.1656504
          ],
          [
            75.3042875,
            32.1652883
          ],
          [
            75.3037447,
            32.1642582
          ],
          [
            75.3025978,
            32.1619318
          ],
          [
            75.3020527,
            32.1610957
          ],
          [
            75.3009182,
            32.158756
          ],
          [
            75.2997758,
            32.1566171
          ],
          [
            75.3004511,
            32.1559418
          ],
          [
            75.2994657,
            32.1533534
          ],
          [
            75.2987173,
            32.1533593
          ],
          [
            75.297628,
            32.1534728
          ],
          [
            75.2957433,
            32.1533497
          ],
          [
            75.2939107,
            32.1530261
          ],
          [
            75.2930134,
            32.1531141
          ],
          [
            75.2901911,
            32.1530119
          ],
          [
            75.2878741,
            32.1528965
          ],
          [
            75.2873472,
            32.1516366
          ],
          [
            75.2853963,
            32.1516305
          ],
          [
            75.2848695,
            32.1507688
          ],
          [
            75.2833967,
            32.1486113
          ],
          [
            75.2822832,
            32.1469321
          ],
          [
            75.2835497,
            32.1463896
          ],
          [
            75.282969,
            32.1455268
          ],
          [
            75.2825966,
            32.1447195
          ],
          [
            75.2817795,
            32.1445033
          ]
        ]
      },
      "id": "way/1226129087"
    },
    {
      "type": "Feature",
      "properties": {
        "@id": "way/1237236091",
        "admin_level": "2",
        "border_type": "nation",
        "boundary": "administrative",
        "name": "India - پاکستان",
        "name:ar": "الهند - باكستان",
        "name:arc": "ܗܢܕܘ - ܦܐܩܣܛܐܢ",
        "name:az-Arab": "هیندوستان - پاکیستان",
        "name:azb": "هیندوستان - پاکیستان",
        "name:be": "Індыя - Пакістан",
        "name:bn": "ভারত–পাকিস্তান",
        "name:da": "Indien - Pakistan",
        "name:de": "Indien - Pakistan",
        "name:en": "India - Pakistan",
        "name:es": "India - Pakistán",
        "name:fa": "هند - پاکستان",
        "name:fr": "Inde - Pakistan",
        "name:glk": "هند - پاکستان",
        "name:grc": "Ἰνδία - Πακιστανία",
        "name:hi": "भारत-पाकिस्तान",
        "name:kk": "Үндістан - Пәкістан",
        "name:kk-Arab": "ٴۇندىستان - پاكىستان",
        "name:kn": "ಭಾರತ - ಪಾಕಿಸ್ಥಾನ್",
        "name:ks": "ہِنٛدوستان - پاکِستان",
        "name:lb": "Indien - Pakistan",
        "name:lrc": "هند - پاکستان",
        "name:mzn": "هند - پاکستون",
        "name:pa": "ਭਾਰਤ - ਪਾਕਿਸਤਾਨ",
        "name:pnb": "بھارت - پاکستان",
        "name:ps": "هند - پاکستان",
        "name:sd": "ڀارت - پاڪستان",
        "name:sr": "Индија - Пакистан",
        "name:sv": "Indien - Pakistan",
        "name:syc": "ܗܢܕܘ - ܦܐܩܣܛܐܢ",
        "name:ta": "இந்திய-பாகிஸ்தானிய",
        "name:te": "భారత-పాకిస్తాన్",
        "name:ug": "ھىندىستان - پاكىستان",
        "name:uk": "Індія - Пакистан",
        "name:ur": "بھارت - پاکستان",
        "source": "LSIB 5"
      },
      "geometry": {
        "type": "LineString",
        "coordinates": [
          [
            74.2131649,
            30.6887297
          ],
          [
            74.2145746,
            30.6898141
          ],
          [
            74.2151588,
            30.6902174
          ],
          [
            74.2156992,
            30.6905468
          ],
          [
            74.2164747,
            30.6916528
          ],
          [
            74.2166777,
            30.691665
          ],
          [
            74.2183317,
            30.6927908
          ],
          [
            74.2188614,
            30.6934827
          ],
          [
            74.2191866,
            30.6934993
          ],
          [
            74.219476,
            30.6948938
          ],
          [
            74.2196606,
            30.6960133
          ],
          [
            74.2204676,
            30.6973788
          ],
          [
            74.2213043,
            30.6987982
          ],
          [
            74.2214548,
            30.6993742
          ],
          [
            74.2216067,
            30.7001948
          ],
          [
            74.2215948,
            30.7004792
          ],
          [
            74.2216005,
            30.7009553
          ],
          [
            74.2216987,
            30.7015405
          ],
          [
            74.2217563,
            30.701991
          ],
          [
            74.2220876,
            30.7027252
          ],
          [
            74.2223623,
            30.7035757
          ],
          [
            74.2227301,
            30.7054194
          ],
          [
            74.223024,
            30.7068609
          ],
          [
            74.2230462,
            30.7079459
          ],
          [
            74.2231962,
            30.7092835
          ],
          [
            74.2232775,
            30.7096517
          ],
          [
            74.2242399,
            30.7116716
          ],
          [
            74.2245829,
            30.7121963
          ],
          [
            74.2250996,
            30.7128309
          ],
          [
            74.225154,
            30.7130738
          ],
          [
            74.2274872,
            30.7128369
          ],
          [
            74.2271103,
            30.71491
          ],
          [
            74.2268466,
            30.7158166
          ],
          [
            74.2265555,
            30.716615
          ],
          [
            74.2267688,
            30.7172295
          ],
          [
            74.2271392,
            30.718597
          ],
          [
            74.2272171,
            30.7187779
          ],
          [
            74.2272832,
            30.7188526
          ],
          [
            74.2278859,
            30.719218
          ],
          [
            74.2286148,
            30.7197181
          ],
          [
            74.2294994,
            30.7209431
          ],
          [
            74.2298087,
            30.7220136
          ],
          [
            74.230272,
            30.7222074
          ],
          [
            74.2309364,
            30.7225491
          ],
          [
            74.2322,
            30.7241707
          ],
          [
            74.2324339,
            30.7244279
          ],
          [
            74.2325823,
            30.7245057
          ]
        ]
      },
      "id": "way/1237236091"
    }
  ]
}